date,home_team,away_team,home_score,away_score,neutral,overtime,game_id,notes,status,model,home_rating,away_rating,projected_winner,projected_spread,projected_total,result_margin,result_total
2024-11-01,Charlotte Hornets,Boston Celtics,109,124,False,False,2024-11-01|Boston Celtics|Charlotte Hornets,,final,bradley-terry,-7.396144933881973,9.836342520581848,Boston Celtics,-17.232487454463822,225.5855855855856,-15,233
2024-11-01,Brooklyn Nets,Chicago Bulls,120,112,False,False,2024-11-01|Chicago Bulls|Brooklyn Nets,,final,bradley-terry,-1.536210907029554,-5.4984766248185535,Brooklyn Nets,3.9622657177889993,225.5855855855856,8,232
2024-11-01,Minnesota Timberwolves,Denver Nuggets,119,116,False,False,2024-11-01|Denver Nuggets|Minnesota Timberwolves,,final,bradley-terry,-2.3459606640868986,1.6164848060057866,Denver Nuggets,-3.9624454700926854,225.5855855855856,3,235
2024-11-01,New Orleans Pelicans,Indiana Pacers,125,118,False,False,2024-11-01|Indiana Pacers|New Orleans Pelicans,,final,bradley-terry,-11.91240235520095,-4.829352877713647,Indiana Pacers,-7.083049477487303,225.5855855855856,7,243
2024-11-01,Toronto Raptors,Los Angeles Lakers,125,131,False,False,2024-11-01|Los Angeles Lakers|Toronto Raptors,,final,bradley-terry,-7.981966279659679,-0.0005644177797307501,Los Angeles Lakers,-7.981401861879949,225.5855855855856,-6,256
2024-11-01,Detroit Pistons,New York Knicks,98,128,False,False,2024-11-01|New York Knicks|Detroit Pistons,,final,bradley-terry,-4.471255550414863,-0.3588716223506382,New York Knicks,-4.112383928064225,225.5855855855856,-30,226
2024-11-01,Portland Trail Blazers,Oklahoma City Thunder,114,137,False,False,2024-11-01|Oklahoma City Thunder|Portland Trail Blazers,,final,bradley-terry,-2.6907856245431025,6.929898149898675,Oklahoma City Thunder,-9.620683774441778,225.5855855855856,-23,251
2024-11-01,Cleveland Cavaliers,Orlando Magic,120,109,False,False,2024-11-01|Orlando Magic|Cleveland Cavaliers,,final,bradley-terry,7.1122321967332445,2.2857275976101312,Cleveland Cavaliers,4.826504599123114,225.5855855855856,11,229
2024-11-01,Atlanta Hawks,Sacramento Kings,115,123,False,False,2024-11-01|Sacramento Kings|Atlanta Hawks,,final,bradley-terry,-1.5194296694580385,-3.264272603151437,Atlanta Hawks,1.7448429336933984,225.5855855855856,-8,238
2024-11-02,Charlotte Hornets,Boston Celtics,103,113,False,False,2024-11-02|Boston Celtics|Charlotte Hornets,,final,bradley-terry,-7.396144933881973,9.836342520581848,Boston Celtics,-17.232487454463822,225.5855855855856,-10,216
2024-11-02,Milwaukee Bucks,Cleveland Cavaliers,113,114,False,False,2024-11-02|Cleveland Cavaliers|Milwaukee Bucks,,final,bradley-terry,1.9420499891982181,7.1122321967332445,Cleveland Cavaliers,-5.170182207535026,225.5855855855856,-1,227
2024-11-02,Houston Rockets,Golden State Warriors,121,127,False,False,2024-11-02|Golden State Warriors|Houston Rockets,,final,bradley-terry,5.293461846056004,3.4396787978826113,Houston Rockets,1.8537830481733923,225.5855855855856,-6,248
2024-11-02,Philadelphia 76ers,Memphis Grizzlies,107,124,False,False,2024-11-02|Memphis Grizzlies|Philadelphia 76ers,,final,bradley-terry,-7.969161904853814,2.5943095165884014,Memphis Grizzlies,-10.563471421442216,225.5855855855856,-17,231
2024-11-02,Washington Wizards,Miami Heat,98,118,False,False,2024-11-02|Miami Heat|Washington Wizards,,final,bradley-terry,0.0,-3.303668971560309,Washington Wizards,3.303668971560309,225.5855855855856,-20,216
2024-11-02,San Antonio Spurs,Minnesota Timberwolves,113,103,False,False,2024-11-02|Minnesota Timberwolves|San Antonio Spurs,,final,bradley-terry,0.6346700138827196,-2.3459606640868986,San Antonio Spurs,2.9806306779696183,225.5855855855856,10,216
2024-11-02,Los Angeles Clippers,Oklahoma City Thunder,92,105,False,False,2024-11-02|Oklahoma City Thunder|Los Angeles Clippers,,final,bradley-terry,3.1750632149304003,6.929898149898675,Oklahoma City Thunder,-3.754834934968275,225.5855855855856,-13,197
2024-11-02,Phoenix Suns,Portland Trail Blazers,103,97,False,False,2024-11-02|Portland Trail Blazers|Phoenix Suns,,final,bradley-terry,-1.2036955668509892,-2.6907856245431025,Phoenix Suns,1.4870900576921133,225.5855855855856,6,200
2024-11-02,Toronto Raptors,Sacramento Kings,131,128,False,False,2024-11-02|Sacramento Kings|Toronto Raptors,,final,bradley-terry,-7.981966279659679,-3.264272603151437,Sacramento Kings,-4.717693676508242,225.5855855855856,3,259
2024-11-02,Denver Nuggets,Utah Jazz,129,103,False,False,2024-11-02|Utah Jazz|Denver Nuggets,,final,bradley-terry,1.6164848060057866,-5.533147952580669,Denver Nuggets,7.149632758586455,225.5855855855856,26,232
2024-11-03,New Orleans Pelicans,Atlanta Hawks,111,126,False,False,2024-11-03|Atlanta Hawks|New Orleans Pelicans,,final,bradley-terry,-11.91240235520095,-1.5194296694580385,Atlanta Hawks,-10.392972685742912,225.5855855855856,-15,237
2024-11-03,Brooklyn Nets,Detroit Pistons,92,106,False,False,2024-11-03|Detroit Pistons|Brooklyn Nets,,final,bradley-terry,-1.536210907029554,-4.471255550414863,Brooklyn Nets,2.935044643385309,225.5855855855856,-14,198
2024-11-03,Dallas Mavericks,Orlando Magic,108,85,False,False,2024-11-03|Orlando Magic|Dallas Mavericks,,final,bradley-terry,1.2690786389645416,2.2857275976101312,Orlando Magic,-1.0166489586455896,225.5855855855856,23,193
2024-11-04,Atlanta Hawks,Boston Celtics,93,123,False,False,2024-11-04|Boston Celtics|Atlanta Hawks,,final,bradley-terry,-1.5194296694580385,9.836342520581848,Boston Celtics,-11.355772190039886,225.5855855855856,-30,216
2024-11-04,Minnesota Timberwolves,Charlotte Hornets,114,93,False,False,2024-11-04|Charlotte Hornets|Minnesota Timberwolves,,final,bradley-terry,-2.3459606640868986,-7.396144933881973,Minnesota Timberwolves,5.050184269795075,225.5855855855856,21,207
2024-11-04,Washington Wizards,Golden State Warriors,112,125,False,False,2024-11-04|Golden State Warriors|Washington Wizards,,final,bradley-terry,0.0,3.4396787978826113,Golden State Warriors,-3.4396787978826113,225.5855855855856,-13,237
2024-11-04,Dallas Mavericks,Indiana Pacers,127,134,False,False,2024-11-04|Indiana Pacers|Dallas Mavericks,,final,bradley-terry,1.2690786389645416,-4.829352877713647,Dallas Mavericks,6.098431516678188,225.5855855855856,-7,261
2024-11-04,Detroit Pistons,Los Angeles Lakers,115,103,False,False,2024-11-04|Los Angeles Lakers|Detroit Pistons,,final,bradley-terry,-4.471255550414863,-0.0005644177797307501,Los Angeles Lakers,-4.470691132635133,225.5855855855856,12,218
2024-11-04,Brooklyn Nets,Memphis Grizzlies,106,104,False,False,2024-11-04|Memphis Grizzlies|Brooklyn Nets,,final,bradley-terry,-1.536210907029554,2.5943095165884014,Memphis Grizzlies,-4.130520423617956,225.5855855855856,2,210
2024-11-04,Cleveland Cavaliers,Milwaukee Bucks,116,114,False,False,2024-11-04|Milwaukee Bucks|Cleveland Cavaliers,,final,bradley-terry,7.1122321967332445,1.9420499891982181,Cleveland Cavaliers,5.170182207535026,225.5855855855856,2,230
2024-11-04,Houston Rockets,New York Knicks,109,97,False,False,2024-11-04|New York Knicks|Houston Rockets,,final,bradley-terry,5.293461846056004,-0.3588716223506382,Houston Rockets,5.652333468406642,225.5855855855856,12,206
2024-11-04,Oklahoma City Thunder,Orlando Magic,102,86,False,False,2024-11-04|Orlando Magic|Oklahoma City Thunder,,final,bradley-terry,6.929898149898675,2.2857275976101312,Oklahoma City Thunder,4.644170552288545,225.5855855855856,16,188
2024-11-04,Phoenix Suns,Philadelphia 76ers,118,116,False,False,2024-11-04|Philadelphia 76ers|Phoenix Suns,,final,bradley-terry,-1.2036955668509892,-7.969161904853814,Phoenix Suns,6.765466338002825,225.5855855855856,2,234
2024-11-04,New Orleans Pelicans,Portland Trail Blazers,100,118,False,False,2024-11-04|Portland Trail Blazers|New Orleans Pelicans,,final,bradley-terry,-11.91240235520095,-2.6907856245431025,Portland Trail Blazers,-9.221616730657846,225.5855855855856,-18,218
2024-11-04,Miami Heat,Sacramento Kings,110,111,False,False,2024-11-04|Sacramento Kings|Miami Heat,,final,bradley-terry,-3.303668971560309,-3.264272603151437,Sacramento Kings,-0.039396368408872284,225.5855855855856,-1,221
2024-11-04,Los Angeles Clippers,San Antonio Spurs,113,104,False,False,2024-11-04|San Antonio Spurs|Los Angeles Clippers,,final,bradley-terry,3.1750632149304003,0.6346700138827196,Los Angeles Clippers,2.5403932010476806,225.5855855855856,9,217
2024-11-04,Denver Nuggets,Toronto Raptors,121,119,False,False,2024-11-04|Toronto Raptors|Denver Nuggets,,final,bradley-terry,1.6164848060057866,-7.981966279659679,Denver Nuggets,9.598451085665467,225.5855855855856,2,240
2024-11-04,Chicago Bulls,Utah Jazz,126,135,False,False,2024-11-04|Utah Jazz|Chicago Bulls,,final,bradley-terry,-5.4984766248185535,-5.533147952580669,Chicago Bulls,0.03467132776211557,225.5855855855856,-9,261
2024-11-06,Dallas Mavericks,Chicago Bulls,119,99,False,False,2024-11-06|Chicago Bulls|Dallas Mavericks,,final,bradley-terry,1.2690786389645416,-5.4984766248185535,Dallas Mavericks,6.767555263783095,225.5855855855856,20,218
2024-11-06,New Orleans Pelicans,Cleveland Cavaliers,122,131,False,False,2024-11-06|Cleveland Cavaliers|New Orleans Pelicans,,final,bradley-terry,-11.91240235520095,7.1122321967332445,Cleveland Cavaliers,-19.024634551934195,225.5855855855856,-9,253
2024-11-06,Charlotte Hornets,Detroit Pistons,108,107,False,False,2024-11-06|Detroit Pistons|Charlotte Hornets,,final,bradley-terry,-7.396144933881973,-4.471255550414863,Detroit Pistons,-2.92488938346711,225.5855855855856,1,215
2024-11-06,Boston Celtics,Golden State Warriors,112,118,False,False,2024-11-06|Golden State Warriors|Boston Celtics,,final,bradley-terry,9.836342520581848,3.4396787978826113,Boston Celtics,6.396663722699237,225.5855855855856,-6,230
2024-11-06,Memphis Grizzlies,Los Angeles Lakers,131,114,False,False,2024-11-06|Los Angeles Lakers|Memphis Grizzlies,,final,bradley-terry,2.5943095165884014,-0.0005644177797307501,Memphis Grizzlies,2.594873934368132,225.5855855855856,17,245
2024-11-06,Phoenix Suns,Miami Heat,115,112,False,False,2024-11-06|Miami Heat|Phoenix Suns,,final,bradley-terry,-1.2036955668509892,-3.303668971560309,Phoenix Suns,2.0999734047093197,225.5855855855856,3,227
2024-11-06,Atlanta Hawks,New York Knicks,121,116,False,False,2024-11-06|New York Knicks|Atlanta Hawks,,final,bradley-terry,-1.5194296694580385,-0.3588716223506382,New York Knicks,-1.1605580471074002,225.5855855855856,5,237
2024-11-06,Denver Nuggets,Oklahoma City Thunder,124,122,False,False,2024-11-06|Oklahoma City Thunder|Denver Nuggets,,final,bradley-terry,1.6164848060057866,6.929898149898675,Oklahoma City Thunder,-5.313413343892889,225.5855855855856,2,246
2024-11-06,Indiana Pacers,Orlando Magic,118,111,False,False,2024-11-06|Orlando Magic|Indiana Pacers,,final,bradley-terry,-4.829352877713647,2.2857275976101312,Orlando Magic,-7.1150804753237775,225.5855855855856,7,229
2024-11-06,Los Angeles Clippers,Philadelphia 76ers,110,98,False,False,2024-11-06|Philadelphia 76ers|Los Angeles Clippers,,final,bradley-terry,3.1750632149304003,-7.969161904853814,Los Angeles Clippers,11.144225119784213,225.5855855855856,12,208
2024-11-06,Houston Rockets,San Antonio Spurs,127,100,False,False,2024-11-06|San Antonio Spurs|Houston Rockets,,final,bradley-terry,5.293461846056004,0.6346700138827196,Houston Rockets,4.658791832173284,225.5855855855856,27,227
2024-11-06,Sacramento Kings,Toronto Raptors,122,107,False,False,2024-11-06|Toronto Raptors|Sacramento Kings,,final,bradley-terry,-3.264272603151437,-7.981966279659679,Sacramento Kings,4.717693676508242,225.5855855855856,15,229
2024-11-07,Chicago Bulls,Minnesota Timberwolves,119,135,False,False,2024-11-07|Minnesota Timberwolves|Chicago Bulls,,final,bradley-terry,-5.4984766248185535,-2.3459606640868986,Minnesota Timberwolves,-3.152515960731655,225.5855855855856,-16,254
2024-11-07,San Antonio Spurs,Portland Trail Blazers,118,105,False,False,2024-11-07|Portland Trail Blazers|San Antonio Spurs,,final,bradley-terry,0.6346700138827196,-2.6907856245431025,San Antonio Spurs,3.3254556384258223,225.5855855855856,13,223
2024-11-07,Milwaukee Bucks,Utah Jazz,123,100,False,False,2024-11-07|Utah Jazz|Milwaukee Bucks,,final,bradley-terry,1.9420499891982181,-5.533147952580669,Milwaukee Bucks,7.475197941778887,225.5855855855856,23,223
2024-11-08,Detroit Pistons,Atlanta Hawks,122,121,False,False,2024-11-08|Atlanta Hawks|Detroit Pistons,,final,bradley-terry,-4.471255550414863,-1.5194296694580385,Atlanta Hawks,-2.9518258809568247,225.5855855855856,1,243
2024-11-08,Boston Celtics,Brooklyn Nets,108,104,False,False,2024-11-08|Brooklyn Nets|Boston Celtics,,final,bradley-terry,9.836342520581848,-1.536210907029554,Boston Celtics,11.372553427611402,225.5855855855856,4,212
2024-11-08,Cleveland Cavaliers,Golden State Warriors,136,117,False,False,2024-11-08|Golden State Warriors|Cleveland Cavaliers,,final,bradley-terry,7.1122321967332445,3.4396787978826113,Cleveland Cavaliers,3.672553398850633,225.5855855855856,19,253
2024-11-08,Oklahoma City Thunder,Houston Rockets,126,107,False,False,2024-11-08|Houston Rockets|Oklahoma City Thunder,,final,bradley-terry,6.929898149898675,5.293461846056004,Oklahoma City Thunder,1.6364363038426717,225.5855855855856,19,233
2024-11-08,Charlotte Hornets,Indiana Pacers,103,83,False,False,2024-11-08|Indiana Pacers|Charlotte Hornets,,final,bradley-terry,-7.396144933881973,-4.829352877713647,Indiana Pacers,-2.5667920561683264,225.5855855855856,20,186
2024-11-08,Sacramento Kings,Los Angeles Clippers,98,107,False,False,2024-11-08|Los Angeles Clippers|Sacramento Kings,,final,bradley-terry,-3.264272603151437,3.1750632149304003,Los Angeles Clippers,-6.439335818081837,225.5855855855856,-9,205
2024-11-08,Denver Nuggets,Miami Heat,135,122,False,False,2024-11-08|Miami Heat|Denver Nuggets,,final,bradley-terry,1.6164848060057866,-3.303668971560309,Denver Nuggets,4.920153777566096,225.5855855855856,13,257
2024-11-08,New York Knicks,Milwaukee Bucks,116,94,False,False,2024-11-08|Milwaukee Bucks|New York Knicks,,final,bradley-terry,-0.3588716223506382,1.9420499891982181,Milwaukee Bucks,-2.300921611548856,225.5855855855856,22,210
2024-11-08,Orlando Magic,New Orleans Pelicans,115,88,False,False,2024-11-08|New Orleans Pelicans|Orlando Magic,,final,bradley-terry,2.2857275976101312,-11.91240235520095,Orlando Magic,14.198129952811081,225.5855855855856,27,203
2024-11-08,Los Angeles Lakers,Philadelphia 76ers,116,106,False,False,2024-11-08|Philadelphia 76ers|Los Angeles Lakers,,final,bradley-terry,-0.0005644177797307501,-7.969161904853814,Los Angeles Lakers,7.968597487074083,225.5855855855856,10,222
2024-11-08,Dallas Mavericks,Phoenix Suns,113,114,False,False,2024-11-08|Phoenix Suns|Dallas Mavericks,,final,bradley-terry,1.2690786389645416,-1.2036955668509892,Dallas Mavericks,2.472774205815531,225.5855855855856,-1,227
2024-11-08,Minnesota Timberwolves,Portland Trail Blazers,127,102,False,False,2024-11-08|Portland Trail Blazers|Minnesota Timberwolves,,final,bradley-terry,-2.3459606640868986,-2.6907856245431025,Minnesota Timberwolves,0.3448249604562039,225.5855855855856,25,229
2024-11-08,Memphis Grizzlies,Washington Wizards,128,104,False,False,2024-11-08|Washington Wizards|Memphis Grizzlies,,final,bradley-terry,2.5943095165884014,0.0,Memphis Grizzlies,2.5943095165884014,225.5855855855856,24,232
2024-11-09,Cleveland Cavaliers,Brooklyn Nets,105,100,False,False,2024-11-09|Brooklyn Nets|Cleveland Cavaliers,,final,bradley-terry,7.1122321967332445,-1.536210907029554,Cleveland Cavaliers,8.648443103762798,225.5855855855856,5,205
2024-11-09,Atlanta Hawks,Chicago Bulls,113,125,False,False,2024-11-09|Chicago Bulls|Atlanta Hawks,,final,bradley-terry,-1.5194296694580385,-5.4984766248185535,Atlanta Hawks,3.979046955360515,225.5855855855856,-12,238
2024-11-09,Los Angeles Clippers,Toronto Raptors,105,103,False,False,2024-11-09|Toronto Raptors|Los Angeles Clippers,,final,bradley-terry,3.1750632149304003,-7.981966279659679,Los Angeles Clippers,11.15702949459008,225.5855855855856,2,208
2024-11-09,San Antonio Spurs,Utah Jazz,110,111,False,False,2024-11-09|Utah Jazz|San Antonio Spurs,,final,bradley-terry,0.6346700138827196,-5.533147952580669,San Antonio Spurs,6.167817966463389,225.5855855855856,-1,221
2024-11-10,Milwaukee Bucks,Boston Celtics,107,113,False,False,2024-11-10|Boston Celtics|Milwaukee Bucks,,final,bradley-terry,1.9420499891982181,9.836342520581848,Boston Celtics,-7.89429253138363,225.5855855855856,-6,220
2024-11-10,Philadelphia 76ers,Charlotte Hornets,107,105,False,False,2024-11-10|Charlotte Hornets|Philadelphia 76ers,,final,bradley-terry,-7.969161904853814,-7.396144933881973,Charlotte Hornets,-0.5730169709718407,225.5855855855856,2,212
2024-11-10,Denver Nuggets,Dallas Mavericks,122,120,False,False,2024-11-10|Dallas Mavericks|Denver Nuggets,,final,bradley-terry,1.6164848060057866,1.2690786389645416,Denver Nuggets,0.34740616704124494,225.5855855855856,2,242
2024-11-10,Oklahoma City Thunder,Golden State Warriors,116,127,False,False,2024-11-10|Golden State Warriors|Oklahoma City Thunder,,final,bradley-terry,6.929898149898675,3.4396787978826113,Oklahoma City Thunder,3.490219352016064,225.5855855855856,-11,243
2024-11-10,Detroit Pistons,Houston Rockets,99,101,False,False,2024-11-10|Houston Rockets|Detroit Pistons,,final,bradley-terry,-4.471255550414863,5.293461846056004,Houston Rockets,-9.764717396470868,225.5855855855856,-2,200
2024-11-10,Portland Trail Blazers,Memphis Grizzlies,89,134,False,False,2024-11-10|Memphis Grizzlies|Portland Trail Blazers,,final,bradley-terry,-2.6907856245431025,2.5943095165884014,Memphis Grizzlies,-5.285095141131504,225.5855855855856,-45,223
2024-11-10,Minnesota Timberwolves,Miami Heat,94,95,False,False,2024-11-10|Miami Heat|Minnesota Timberwolves,,final,bradley-terry,-2.3459606640868986,-3.303668971560309,Minnesota Timberwolves,0.9577083074734105,225.5855855855856,-1,189
2024-11-10,Indiana Pacers,New York Knicks,132,121,False,False,2024-11-10|New York Knicks|Indiana Pacers,,final,bradley-terry,-4.829352877713647,-0.3588716223506382,New York Knicks,-4.470481255363008,225.5855855855856,11,253
2024-11-10,Phoenix Suns,Sacramento Kings,118,127,False,False,2024-11-10|Sacramento Kings|Phoenix Suns,,final,bradley-terry,-1.2036955668509892,-3.264272603151437,Phoenix Suns,2.0605770363004474,225.5855855855856,-9,245
2024-11-10,Los Angeles Lakers,Toronto Raptors,123,103,False,False,2024-11-10|Toronto Raptors|Los Angeles Lakers,,final,bradley-terry,-0.0005644177797307501,-7.981966279659679,Los Angeles Lakers,7.981401861879949,225.5855855855856,20,226
2024-11-10,Orlando Magic,Washington Wizards,121,94,False,False,2024-11-10|Washington Wizards|Orlando Magic,,final,bradley-terry,2.2857275976101312,0.0,Orlando Magic,2.2857275976101312,225.5855855855856,27,215
2024-11-11,New Orleans Pelicans,Brooklyn Nets,105,107,False,False,2024-11-11|Brooklyn Nets|New Orleans Pelicans,,final,bradley-terry,-11.91240235520095,-1.536210907029554,Brooklyn Nets,-10.376191448171395,225.5855855855856,-2,212
2024-11-11,Chicago Bulls,Cleveland Cavaliers,113,119,False,False,2024-11-11|Cleveland Cavaliers|Chicago Bulls,,final,bradley-terry,-5.4984766248185535,7.1122321967332445,Cleveland Cavaliers,-12.610708821551798,225.5855855855856,-6,232
2024-11-11,Oklahoma City Thunder,Los Angeles Clippers,134,128,False,False,2024-11-11|Los Angeles Clippers|Oklahoma City Thunder,,final,bradley-terry,6.929898149898675,3.1750632149304003,Oklahoma City Thunder,3.754834934968275,225.5855855855856,6,262
2024-11-11,San Antonio Spurs,Sacramento Kings,116,96,False,False,2024-11-11|Sacramento Kings|San Antonio Spurs,,final,bradley-terry,0.6346700138827196,-3.264272603151437,San Antonio Spurs,3.8989426170341566,225.5855855855856,20,212
2024-11-11,Houston Rockets,Washington Wizards,107,92,False,False,2024-11-11|Washington Wizards|Houston Rockets,,final,bradley-terry,5.293461846056004,0.0,Houston Rockets,5.293461846056004,225.5855855855856,15,199
2024-11-12,Boston Celtics,Atlanta Hawks,116,117,False,False,2024-11-12|Atlanta Hawks|Boston Celtics,NBA Cup,final,bradley-terry,9.836342520581848,-1.5194296694580385,Boston Celtics,11.355772190039886,225.5855855855856,-1,233
2024-11-12,Orlando Magic,Charlotte Hornets,114,89,False,False,2024-11-12|Charlotte Hornets|Orlando Magic,NBA Cup,final,bradley-terry,2.2857275976101312,-7.396144933881973,Orlando Magic,9.681872531492104,225.5855855855856,25,203
2024-11-12,Golden State Warriors,Dallas Mavericks,120,117,False,False,2024-11-12|Dallas Mavericks|Golden State Warriors,NBA Cup,final,bradley-terry,3.4396787978826113,1.2690786389645416,Golden State Warriors,2.1706001589180697,225.5855855855856,3,237
2024-11-12,Detroit Pistons,Miami Heat,123,121,False,False,2024-11-12|Miami Heat|Detroit Pistons,NBA Cup,final,bradley-terry,-4.471255550414863,-3.303668971560309,Miami Heat,-1.167586578854554,225.5855855855856,2,244
2024-11-12,Portland Trail Blazers,Minnesota Timberwolves,122,108,False,False,2024-11-12|Minnesota Timberwolves|Portland Trail Blazers,NBA Cup,final,bradley-terry,-2.6907856245431025,-2.3459606640868986,Minnesota Timberwolves,-0.3448249604562039,225.5855855855856,14,230
2024-11-12,Philadelphia 76ers,New York Knicks,99,111,False,False,2024-11-12|New York Knicks|Philadelphia 76ers,NBA Cup,final,bradley-terry,-7.969161904853814,-0.3588716223506382,New York Knicks,-7.6102902825031755,225.5855855855856,-12,210
2024-11-12,Utah Jazz,Phoenix Suns,112,120,False,False,2024-11-12|Phoenix Suns|Utah Jazz,NBA Cup,final,bradley-terry,-5.533147952580669,-1.2036955668509892,Phoenix Suns,-4.32945238572968,225.5855855855856,-8,232
2024-11-12,Milwaukee Bucks,Toronto Raptors,99,85,False,False,2024-11-12|Toronto Raptors|Milwaukee Bucks,NBA Cup,final,bradley-terry,1.9420499891982181,-7.981966279659679,Milwaukee Bucks,9.924016268857898,225.5855855855856,14,184
2024-11-13,Brooklyn Nets,Boston Celtics,114,139,False,False,2024-11-13|Boston Celtics|Brooklyn Nets,,final,bradley-terry,-1.536210907029554,9.836342520581848,Boston Celtics,-11.372553427611402,225.5855855855856,-25,253
2024-11-13,New York Knicks,Chicago Bulls,123,124,False,False,2024-11-13|Chicago Bulls|New York Knicks,,final,bradley-terry,-0.3588716223506382,-5.4984766248185535,New York Knicks,5.139605002467915,225.5855855855856,-1,247
2024-11-13,Philadelphia 76ers,Cleveland Cavaliers,106,114,False,False,2024-11-13|Cleveland Cavaliers|Philadelphia 76ers,,final,bradley-terry,-7.969161904853814,7.1122321967332445,Cleveland Cavaliers,-15.081394101587058,225.5855855855856,-8,220
2024-11-13,Milwaukee Bucks,Detroit Pistons,127,120,False,False,2024-11-13|Detroit Pistons|Milwaukee Bucks,,final,bradley-terry,1.9420499891982181,-4.471255550414863,Milwaukee Bucks,6.413305539613082,225.5855855855856,7,247
2024-11-13,Orlando Magic,Indiana Pacers,94,90,False,False,2024-11-13|Indiana Pacers|Orlando Magic,,final,bradley-terry,2.2857275976101312,-4.829352877713647,Orlando Magic,7.1150804753237775,225.5855855855856,4,184
2024-11-13,Houston Rockets,Los Angeles Clippers,111,103,False,False,2024-11-13|Los Angeles Clippers|Houston Rockets,,final,bradley-terry,5.293461846056004,3.1750632149304003,Houston Rockets,2.1183986311256033,225.5855855855856,8,214
2024-11-13,Los Angeles Lakers,Memphis Grizzlies,128,123,False,False,2024-11-13|Memphis Grizzlies|Los Angeles Lakers,,final,bradley-terry,-0.0005644177797307501,2.5943095165884014,Memphis Grizzlies,-2.594873934368132,225.5855855855856,5,251
2024-11-13,Portland Trail Blazers,Minnesota Timberwolves,106,98,False,False,2024-11-13|Minnesota Timberwolves|Portland Trail Blazers,,final,bradley-terry,-2.6907856245431025,-2.3459606640868986,Minnesota Timberwolves,-0.3448249604562039,225.5855855855856,8,204
2024-11-13,Oklahoma City Thunder,New Orleans Pelicans,106,88,False,False,2024-11-13|New Orleans Pelicans|Oklahoma City Thunder,,final,bradley-terry,6.929898149898675,-11.91240235520095,Oklahoma City Thunder,18.842300505099626,225.5855855855856,18,194
2024-11-13,Sacramento Kings,Phoenix Suns,127,104,False,False,2024-11-13|Phoenix Suns|Sacramento Kings,,final,bradley-terry,-3.264272603151437,-1.2036955668509892,Phoenix Suns,-2.0605770363004474,225.5855855855856,23,231
2024-11-13,San Antonio Spurs,Washington Wizards,139,130,False,False,2024-11-13|Washington Wizards|San Antonio Spurs,,final,bradley-terry,0.6346700138827196,0.0,San Antonio Spurs,0.6346700138827196,225.5855855855856,9,269
2024-11-14,Utah Jazz,Dallas Mavericks,115,113,False,False,2024-11-14|Dallas Mavericks|Utah Jazz,,final,bradley-terry,-5.533147952580669,1.2690786389645416,Dallas Mavericks,-6.80222659154521,225.5855855855856,2,228
2024-11-15,New York Knicks,Brooklyn Nets,124,122,False,False,2024-11-15|Brooklyn Nets|New York Knicks,NBA Cup,final,bradley-terry,-0.3588716223506382,-1.536210907029554,New York Knicks,1.177339284678916,225.5855855855856,2,246
2024-11-15,Cleveland Cavaliers,Chicago Bulls,144,126,False,False,2024-11-15|Chicago Bulls|Cleveland Cavaliers,NBA Cup,final,bradley-terry,7.1122321967332445,-5.4984766248185535,Cleveland Cavaliers,12.610708821551798,225.5855855855856,18,270
2024-11-15,New Orleans Pelicans,Denver Nuggets,101,94,False,False,2024-11-15|Denver Nuggets|New Orleans Pelicans,NBA Cup,final,bradley-terry,-11.91240235520095,1.6164848060057866,Denver Nuggets,-13.528887161206736,225.5855855855856,7,195
2024-11-15,Toronto Raptors,Detroit Pistons,95,99,False,False,2024-11-15|Detroit Pistons|Toronto Raptors,NBA Cup,final,bradley-terry,-7.981966279659679,-4.471255550414863,Detroit Pistons,-3.510710729244816,225.5855855855856,-4,194
2024-11-15,Houston Rockets,Los Angeles Clippers,125,104,False,False,2024-11-15|Los Angeles Clippers|Houston Rockets,NBA Cup,final,bradley-terry,5.293461846056004,3.1750632149304003,Houston Rockets,2.1183986311256033,225.5855855855856,21,229
2024-11-15,San Antonio Spurs,Los Angeles Lakers,115,120,False,False,2024-11-15|Los Angeles Lakers|San Antonio Spurs,NBA Cup,final,bradley-terry,0.6346700138827196,-0.0005644177797307501,San Antonio Spurs,0.6352344316624503,225.5855855855856,-5,235
2024-11-15,Golden State Warriors,Memphis Grizzlies,123,118,False,False,2024-11-15|Memphis Grizzlies|Golden State Warriors,NBA Cup,final,bradley-terry,3.4396787978826113,2.5943095165884014,Golden State Warriors,0.84536928129421,225.5855855855856,5,241
2024-11-15,Indiana Pacers,Miami Heat,111,124,False,False,2024-11-15|Miami Heat|Indiana Pacers,NBA Cup,final,bradley-terry,-4.829352877713647,-3.303668971560309,Miami Heat,-1.5256839061533376,225.5855855855856,-13,235
2024-11-15,Sacramento Kings,Minnesota Timberwolves,126,130,False,False,2024-11-15|Minnesota Timberwolves|Sacramento Kings,NBA Cup,final,bradley-terry,-3.264272603151437,-2.3459606640868986,Minnesota Timberwolves,-0.9183119390645382,225.5855855855856,-4,256
2024-11-15,Orlando Magic,Philadelphia 76ers,98,86,False,False,2024-11-15|Philadelphia 76ers|Orlando Magic,NBA Cup,final,bradley-terry,2.2857275976101312,-7.969161904853814,Orlando Magic,10.254889502463945,225.5855855855856,12,184
2024-11-15,Oklahoma City Thunder,Phoenix Suns,99,83,False,False,2024-11-15|Phoenix Suns|Oklahoma City Thunder,NBA Cup,final,bradley-terry,6.929898149898675,-1.2036955668509892,Oklahoma City Thunder,8.133593716749665,225.5855855855856,16,182
2024-11-15,Atlanta Hawks,Washington Wizards,129,117,False,False,2024-11-15|Washington Wizards|Atlanta Hawks,NBA Cup,final,bradley-terry,-1.5194296694580385,0.0,Washington Wizards,-1.5194296694580385,225.5855855855856,12,246
2024-11-16,New Orleans Pelicans,Los Angeles Lakers,99,104,False,False,2024-11-16|Los Angeles Lakers|New Orleans Pelicans,,final,bradley-terry,-11.91240235520095,-0.0005644177797307501,Los Angeles Lakers,-11.911837937421218,225.5855855855856,-5,203
2024-11-16,Charlotte Hornets,Milwaukee Bucks,115,114,False,False,2024-11-16|Milwaukee Bucks|Charlotte Hornets,,final,bradley-terry,-7.396144933881973,1.9420499891982181,Milwaukee Bucks,-9.338194923080192,225.5855855855856,1,229
2024-11-16,Dallas Mavericks,San Antonio Spurs,110,93,False,False,2024-11-16|San Antonio Spurs|Dallas Mavericks,,final,bradley-terry,1.2690786389645416,0.6346700138827196,Dallas Mavericks,0.634408625081822,225.5855855855856,17,203
2024-11-16,Boston Celtics,Toronto Raptors,126,123,False,False,2024-11-16|Toronto Raptors|Boston Celtics,,final,bradley-terry,9.836342520581848,-7.981966279659679,Boston Celtics,17.818308800241528,225.5855855855856,3,249
2024-11-16,Sacramento Kings,Utah Jazz,121,117,False,False,2024-11-16|Utah Jazz|Sacramento Kings,,final,bradley-terry,-3.264272603151437,-5.533147952580669,Sacramento Kings,2.268875349429232,225.5855855855856,4,238
2024-11-17,Portland Trail Blazers,Atlanta Hawks,114,110,False,False,2024-11-17|Atlanta Hawks|Portland Trail Blazers,,final,bradley-terry,-2.6907856245431025,-1.5194296694580385,Atlanta Hawks,-1.171355955085064,225.5855855855856,4,224
2024-11-17,New York Knicks,Brooklyn Nets,114,104,False,False,2024-11-17|Brooklyn Nets|New York Knicks,,final,bradley-terry,-0.3588716223506382,-1.536210907029554,New York Knicks,1.177339284678916,225.5855855855856,10,218
2024-11-17,Cleveland Cavaliers,Charlotte Hornets,128,114,False,False,2024-11-17|Charlotte Hornets|Cleveland Cavaliers,,final,bradley-terry,7.1122321967332445,-7.396144933881973,Cleveland Cavaliers,14.508377130615218,225.5855855855856,14,242
2024-11-17,Oklahoma City Thunder,Dallas Mavericks,119,121,False,False,2024-11-17|Dallas Mavericks|Oklahoma City Thunder,,final,bradley-terry,6.929898149898675,1.2690786389645416,Oklahoma City Thunder,5.660819510934134,225.5855855855856,-2,240
2024-11-17,Memphis Grizzlies,Denver Nuggets,105,90,False,False,2024-11-17|Denver Nuggets|Memphis Grizzlies,,final,bradley-terry,2.5943095165884014,1.6164848060057866,Memphis Grizzlies,0.9778247105826148,225.5855855855856,15,195
2024-11-17,Washington Wizards,Detroit Pistons,104,124,False,False,2024-11-17|Detroit Pistons|Washington Wizards,,final,bradley-terry,0.0,-4.471255550414863,Washington Wizards,4.471255550414863,225.5855855855856,-20,228
2024-11-17,Chicago Bulls,Houston Rockets,107,143,False,False,2024-11-17|Houston Rockets|Chicago Bulls,,final,bradley-terry,-5.4984766248185535,5.293461846056004,Houston Rockets,-10.791938470874557,225.5855855855856,-36,250
2024-11-17,Indiana Pacers,Miami Heat,119,110,False,False,2024-11-17|Miami Heat|Indiana Pacers,,final,bradley-terry,-4.829352877713647,-3.303668971560309,Miami Heat,-1.5256839061533376,225.5855855855856,9,229
2024-11-17,Minnesota Timberwolves,Phoenix Suns,120,117,False,False,2024-11-17|Phoenix Suns|Minnesota Timberwolves,,final,bradley-terry,-2.3459606640868986,-1.2036955668509892,Phoenix Suns,-1.1422650972359094,225.5855855855856,3,237
2024-11-17,Los Angeles Clippers,Utah Jazz,116,105,False,False,2024-11-17|Utah Jazz|Los Angeles Clippers,,final,bradley-terry,3.1750632149304003,-5.533147952580669,Los Angeles Clippers,8.70821116751107,225.5855855855856,11,221
2024-11-18,Sacramento Kings,Atlanta Hawks,108,109,False,False,2024-11-18|Atlanta Hawks|Sacramento Kings,,final,bradley-terry,-3.264272603151437,-1.5194296694580385,Atlanta Hawks,-1.7448429336933984,225.5855855855856,-1,217
2024-11-18,Detroit Pistons,Chicago Bulls,112,122,False,False,2024-11-18|Chicago Bulls|Detroit Pistons,,final,bradley-terry,-4.471255550414863,-5.4984766248185535,Detroit Pistons,1.0272210744036903,225.5855855855856,-10,234
2024-11-18,Los Angeles Clippers,Golden State Warriors,102,99,False,False,2024-11-18|Golden State Warriors|Los Angeles Clippers,,final,bradley-terry,3.1750632149304003,3.4396787978826113,Golden State Warriors,-0.264615582952211,225.5855855855856,3,201
2024-11-18,Milwaukee Bucks,Houston Rockets,101,100,False,False,2024-11-18|Houston Rockets|Milwaukee Bucks,,final,bradley-terry,1.9420499891982181,5.293461846056004,Houston Rockets,-3.3514118568577853,225.5855855855856,1,201
2024-11-18,Toronto Raptors,Indiana Pacers,130,119,False,False,2024-11-18|Indiana Pacers|Toronto Raptors,,final,bradley-terry,-7.981966279659679,-4.829352877713647,Indiana Pacers,-3.1526134019460326,225.5855855855856,11,249
2024-11-18,Phoenix Suns,Orlando Magic,99,109,False,False,2024-11-18|Orlando Magic|Phoenix Suns,,final,bradley-terry,-1.2036955668509892,2.2857275976101312,Orlando Magic,-3.4894231644611207,225.5855855855856,-10,208
2024-11-18,Miami Heat,Philadelphia 76ers,106,89,False,False,2024-11-18|Philadelphia 76ers|Miami Heat,,final,bradley-terry,-3.303668971560309,-7.969161904853814,Miami Heat,4.665492933293505,225.5855855855856,17,195
2024-11-18,New York Knicks,Washington Wizards,134,106,False,False,2024-11-18|Washington Wizards|New York Knicks,,final,bradley-terry,-0.3588716223506382,0.0,Washington Wizards,-0.3588716223506382,225.5855855855856,28,240
2024-11-19,Brooklyn Nets,Charlotte Hornets,116,115,False,False,2024-11-19|Charlotte Hornets|Brooklyn Nets,NBA Cup,final,bradley-terry,-1.536210907029554,-7.396144933881973,Brooklyn Nets,5.859934026852419,225.5855855855856,1,231
2024-11-19,Boston Celtics,Cleveland Cavaliers,120,117,False,False,2024-11-19|Cleveland Cavaliers|Boston Celtics,NBA Cup,final,bradley-terry,9.836342520581848,7.1122321967332445,Boston Celtics,2.7241103238486035,225.5855855855856,3,237
2024-11-19,Memphis Grizzlies,Denver Nuggets,110,122,False,False,2024-11-19|Denver Nuggets|Memphis Grizzlies,NBA Cup,final,bradley-terry,2.5943095165884014,1.6164848060057866,Memphis Grizzlies,0.9778247105826148,225.5855855855856,-12,232
2024-11-19,Dallas Mavericks,New Orleans Pelicans,132,91,False,False,2024-11-19|New Orleans Pelicans|Dallas Mavericks,NBA Cup,final,bradley-terry,1.2690786389645416,-11.91240235520095,Dallas Mavericks,13.181480994165492,225.5855855855856,41,223
2024-11-19,San Antonio Spurs,Oklahoma City Thunder,110,104,False,False,2024-11-19|Oklahoma City Thunder|San Antonio Spurs,NBA Cup,final,bradley-terry,0.6346700138827196,6.929898149898675,Oklahoma City Thunder,-6.295228136015956,225.5855855855856,6,214
2024-11-19,Los Angeles Lakers,Utah Jazz,124,118,False,False,2024-11-19|Utah Jazz|Los Angeles Lakers,NBA Cup,final,bradley-terry,-0.0005644177797307501,-5.533147952580669,Los Angeles Lakers,5.5325835348009385,225.5855855855856,6,242
2024-11-20,Golden State Warriors,Atlanta Hawks,120,97,False,False,2024-11-20|Atlanta Hawks|Golden State Warriors,,final,bradley-terry,3.4396787978826113,-1.5194296694580385,Golden State Warriors,4.95910846734065,225.5855855855856,23,217
2024-11-20,Milwaukee Bucks,Chicago Bulls,122,106,False,False,2024-11-20|Chicago Bulls|Milwaukee Bucks,,final,bradley-terry,1.9420499891982181,-5.4984766248185535,Milwaukee Bucks,7.440526614016772,225.5855855855856,16,228
2024-11-20,Houston Rockets,Indiana Pacers,130,113,False,False,2024-11-20|Indiana Pacers|Houston Rockets,,final,bradley-terry,5.293461846056004,-4.829352877713647,Houston Rockets,10.12281472376965,225.5855855855856,17,243
2024-11-20,Cleveland Cavaliers,New Orleans Pelicans,128,100,False,False,2024-11-20|New Orleans Pelicans|Cleveland Cavaliers,,final,bradley-terry,7.1122321967332445,-11.91240235520095,Cleveland Cavaliers,19.024634551934195,225.5855855855856,28,228
2024-11-20,Phoenix Suns,New York Knicks,122,138,False,False,2024-11-20|New York Knicks|Phoenix Suns,,final,bradley-terry,-1.2036955668509892,-0.3588716223506382,New York Knicks,-0.844823944500351,225.5855855855856,-16,260
2024-11-20,Los Angeles Clippers,Orlando Magic,104,93,False,False,2024-11-20|Orlando Magic|Los Angeles Clippers,,final,bradley-terry,3.1750632149304003,2.2857275976101312,Los Angeles Clippers,0.8893356173202691,225.5855855855856,11,197
2024-11-20,Memphis Grizzlies,Philadelphia 76ers,117,111,False,False,2024-11-20|Philadelphia 76ers|Memphis Grizzlies,,final,bradley-terry,2.5943095165884014,-7.969161904853814,Memphis Grizzlies,10.563471421442216,225.5855855855856,6,228
2024-11-20,Oklahoma City Thunder,Portland Trail Blazers,109,99,False,False,2024-11-20|Portland Trail Blazers|Oklahoma City Thunder,,final,bradley-terry,6.929898149898675,-2.6907856245431025,Oklahoma City Thunder,9.620683774441778,225.5855855855856,10,208
2024-11-21,Charlotte Hornets,Detroit Pistons,123,121,False,False,2024-11-21|Detroit Pistons|Charlotte Hornets,,final,bradley-terry,-7.396144933881973,-4.471255550414863,Detroit Pistons,-2.92488938346711,225.5855855855856,2,244
2024-11-21,Toronto Raptors,Minnesota Timberwolves,110,105,False,False,2024-11-21|Minnesota Timberwolves|Toronto Raptors,,final,bradley-terry,-7.981966279659679,-2.3459606640868986,Minnesota Timberwolves,-5.636005615572781,225.5855855855856,5,215
2024-11-21,Los Angeles Lakers,Orlando Magic,118,119,False,False,2024-11-21|Orlando Magic|Los Angeles Lakers,,final,bradley-terry,-0.0005644177797307501,2.2857275976101312,Orlando Magic,-2.286292015389862,225.5855855855856,-1,237
2024-11-21,San Antonio Spurs,Utah Jazz,126,118,False,False,2024-11-21|Utah Jazz|San Antonio Spurs,,final,bradley-terry,0.6346700138827196,-5.533147952580669,San Antonio Spurs,6.167817966463389,225.5855855855856,8,244
2024-11-22,Chicago Bulls,Atlanta Hawks,136,122,False,False,2024-11-22|Atlanta Hawks|Chicago Bulls,NBA Cup,final,bradley-terry,-5.4984766248185535,-1.5194296694580385,Atlanta Hawks,-3.979046955360515,225.5855855855856,14,258
2024-11-22,Washington Wizards,Boston Celtics,96,108,False,False,2024-11-22|Boston Celtics|Washington Wizards,NBA Cup,final,bradley-terry,0.0,9.836342520581848,Boston Celtics,-9.836342520581848,225.5855855855856,-12,204
2024-11-22,Philadelphia 76ers,Brooklyn Nets,113,98,False,False,2024-11-22|Brooklyn Nets|Philadelphia 76ers,NBA Cup,final,bradley-terry,-7.969161904853814,-1.536210907029554,Brooklyn Nets,-6.43295099782426,225.5855855855856,15,211
2024-11-22,Denver Nuggets,Dallas Mavericks,120,123,False,False,2024-11-22|Dallas Mavericks|Denver Nuggets,NBA Cup,final,bradley-terry,1.6164848060057866,1.2690786389645416,Denver Nuggets,0.34740616704124494,225.5855855855856,-3,243
2024-11-22,New Orleans Pelicans,Golden State Warriors,108,112,False,False,2024-11-22|Golden State Warriors|New Orleans Pelicans,NBA Cup,final,bradley-terry,-11.91240235520095,3.4396787978826113,Golden State Warriors,-15.35208115308356,225.5855855855856,-4,220
2024-11-22,Milwaukee Bucks,Indiana Pacers,129,117,False,False,2024-11-22|Indiana Pacers|Milwaukee Bucks,NBA Cup,final,bradley-terry,1.9420499891982181,-4.829352877713647,Milwaukee Bucks,6.771402866911865,225.5855855855856,12,246
2024-11-22,Houston Rockets,Portland Trail Blazers,116,88,False,False,2024-11-22|Portland Trail Blazers|Houston Rockets,NBA Cup,final,bradley-terry,5.293461846056004,-2.6907856245431025,Houston Rockets,7.984247470599106,225.5855855855856,28,204
2024-11-22,Los Angeles Clippers,Sacramento Kings,104,88,False,False,2024-11-22|Sacramento Kings|Los Angeles Clippers,NBA Cup,final,bradley-terry,3.1750632149304003,-3.264272603151437,Los Angeles Clippers,6.439335818081837,225.5855855855856,16,192
2024-11-23,Milwaukee Bucks,Charlotte Hornets,125,119,False,False,2024-11-23|Charlotte Hornets|Milwaukee Bucks,,final,bradley-terry,1.9420499891982181,-7.396144933881973,Milwaukee Bucks,9.338194923080192,225.5855855855856,6,244
2024-11-23,Los Angeles Lakers,Denver Nuggets,102,127,False,False,2024-11-23|Denver Nuggets|Los Angeles Lakers,,final,bradley-terry,-0.0005644177797307501,1.6164848060057866,Denver Nuggets,-1.6170492237855174,225.5855855855856,-25,229
2024-11-23,Orlando Magic,Detroit Pistons,111,100,False,False,2024-11-23|Detroit Pistons|Orlando Magic,,final,bradley-terry,2.2857275976101312,-4.471255550414863,Orlando Magic,6.756983148024995,225.5855855855856,11,211
2024-11-23,San Antonio Spurs,Golden State Warriors,104,94,False,False,2024-11-23|Golden State Warriors|San Antonio Spurs,,final,bradley-terry,0.6346700138827196,3.4396787978826113,Golden State Warriors,-2.8050087839998916,225.5855855855856,10,198
2024-11-23,Chicago Bulls,Memphis Grizzlies,131,142,False,False,2024-11-23|Memphis Grizzlies|Chicago Bulls,,final,bradley-terry,-5.4984766248185535,2.5943095165884014,Memphis Grizzlies,-8.092786141406954,225.5855855855856,-11,273
2024-11-23,Utah Jazz,New York Knicks,121,106,False,False,2024-11-23|New York Knicks|Utah Jazz,,final,bradley-terry,-5.533147952580669,-0.3588716223506382,New York Knicks,-5.174276330230031,225.5855855855856,15,227
2024-11-23,Houston Rockets,Portland Trail Blazers,98,104,False,False,2024-11-23|Portland Trail Blazers|Houston Rockets,,final,bradley-terry,5.293461846056004,-2.6907856245431025,Houston Rockets,7.984247470599106,225.5855855855856,-6,202
2024-11-24,Sacramento Kings,Brooklyn Nets,103,108,False,False,2024-11-24|Brooklyn Nets|Sacramento Kings,,final,bradley-terry,-3.264272603151437,-1.536210907029554,Brooklyn Nets,-1.7280616961218829,225.5855855855856,-5,211
2024-11-24,Miami Heat,Dallas Mavericks,123,118,False,False,2024-11-24|Dallas Mavericks|Miami Heat,,final,bradley-terry,-3.303668971560309,1.2690786389645416,Dallas Mavericks,-4.572747610524851,225.5855855855856,5,241
2024-11-24,Philadelphia 76ers,Los Angeles Clippers,99,125,False,False,2024-11-24|Los Angeles Clippers|Philadelphia 76ers,,final,bradley-terry,-7.969161904853814,3.1750632149304003,Los Angeles Clippers,-11.144225119784213,225.5855855855856,-26,224
2024-11-24,Boston Celtics,Minnesota Timberwolves,107,105,False,False,2024-11-24|Minnesota Timberwolves|Boston Celtics,,final,bradley-terry,9.836342520581848,-2.3459606640868986,Boston Celtics,12.182303184668747,225.5855855855856,2,212
2024-11-24,Cleveland Cavaliers,Toronto Raptors,122,108,False,False,2024-11-24|Toronto Raptors|Cleveland Cavaliers,,final,bradley-terry,7.1122321967332445,-7.981966279659679,Cleveland Cavaliers,15.094198476392924,225.5855855855856,14,230
2024-11-24,Indiana Pacers,Washington Wizards,115,103,False,False,2024-11-24|Washington Wizards|Indiana Pacers,,final,bradley-terry,-4.829352877713647,0.0,Washington Wizards,-4.829352877713647,225.5855855855856,12,218
2024-11-25,Golden State Warriors,Brooklyn Nets,120,128,False,False,2024-11-25|Brooklyn Nets|Golden State Warriors,,final,bradley-terry,3.4396787978826113,-1.536210907029554,Golden State Warriors,4.9758897049121655,225.5855855855856,-8,248
2024-11-25,Atlanta Hawks,Dallas Mavericks,119,129,False,False,2024-11-25|Dallas Mavericks|Atlanta Hawks,,final,bradley-terry,-1.5194296694580385,1.2690786389645416,Dallas Mavericks,-2.78850830842258,225.5855855855856,-10,248
2024-11-25,Boston Celtics,Los Angeles Clippers,126,94,False,False,2024-11-25|Los Angeles Clippers|Boston Celtics,,final,bradley-terry,9.836342520581848,3.1750632149304003,Boston Celtics,6.661279305651448,225.5855855855856,32,220
2024-11-25,Indiana Pacers,New Orleans Pelicans,114,110,False,False,2024-11-25|New Orleans Pelicans|Indiana Pacers,,final,bradley-terry,-4.829352877713647,-11.91240235520095,Indiana Pacers,7.083049477487303,225.5855855855856,4,224
2024-11-25,Denver Nuggets,New York Knicks,118,145,False,False,2024-11-25|New York Knicks|Denver Nuggets,,final,bradley-terry,1.6164848060057866,-0.3588716223506382,Denver Nuggets,1.9753564283564247,225.5855855855856,-27,263
2024-11-25,Sacramento Kings,Oklahoma City Thunder,109,130,False,False,2024-11-25|Oklahoma City Thunder|Sacramento Kings,,final,bradley-terry,-3.264272603151437,6.929898149898675,Oklahoma City Thunder,-10.194170753050113,225.5855855855856,-21,239
2024-11-25,Charlotte Hornets,Orlando Magic,84,95,False,False,2024-11-25|Orlando Magic|Charlotte Hornets,,final,bradley-terry,-7.396144933881973,2.2857275976101312,Orlando Magic,-9.681872531492104,225.5855855855856,-11,179
2024-11-25,Memphis Grizzlies,Portland Trail Blazers,123,98,False,False,2024-11-25|Portland Trail Blazers|Memphis Grizzlies,,final,bradley-terry,2.5943095165884014,-2.6907856245431025,Memphis Grizzlies,5.285095141131504,225.5855855855856,25,221
2024-11-25,Detroit Pistons,Toronto Raptors,102,100,False,False,2024-11-25|Toronto Raptors|Detroit Pistons,,final,bradley-terry,-4.471255550414863,-7.981966279659679,Detroit Pistons,3.510710729244816,225.5855855855856,2,202
2024-11-26,Washington Wizards,Chicago Bulls,108,127,False,False,2024-11-26|Chicago Bulls|Washington Wizards,NBA Cup,final,bradley-terry,0.0,-5.4984766248185535,Washington Wizards,5.4984766248185535,225.5855855855856,-19,235
2024-11-26,Minnesota Timberwolves,Houston Rockets,111,117,False,False,2024-11-26|Houston Rockets|Minnesota Timberwolves,NBA Cup,final,bradley-terry,-2.3459606640868986,5.293461846056004,Houston Rockets,-7.639422510142902,225.5855855855856,-6,228
2024-11-26,Phoenix Suns,Los Angeles Lakers,127,100,False,False,2024-11-26|Los Angeles Lakers|Phoenix Suns,NBA Cup,final,bradley-terry,-1.2036955668509892,-0.0005644177797307501,Los Angeles Lakers,-1.2031311490712584,225.5855855855856,27,227
2024-11-26,Miami Heat,Milwaukee Bucks,103,106,False,False,2024-11-26|Milwaukee Bucks|Miami Heat,NBA Cup,final,bradley-terry,-3.303668971560309,1.9420499891982181,Milwaukee Bucks,-5.245718960758527,225.5855855855856,-3,209
2024-11-26,Utah Jazz,San Antonio Spurs,115,128,False,False,2024-11-26|San Antonio Spurs|Utah Jazz,NBA Cup,final,bradley-terry,-5.533147952580669,0.6346700138827196,San Antonio Spurs,-6.167817966463389,225.5855855855856,-13,243
2024-11-27,Cleveland Cavaliers,Atlanta Hawks,124,135,False,False,2024-11-27|Atlanta Hawks|Cleveland Cavaliers,,final,bradley-terry,7.1122321967332445,-1.5194296694580385,Cleveland Cavaliers,8.631661866191283,225.5855855855856,-11,259
2024-11-27,Phoenix Suns,Brooklyn Nets,117,127,False,False,2024-11-27|Brooklyn Nets|Phoenix Suns,,final,bradley-terry,-1.2036955668509892,-1.536210907029554,Phoenix Suns,0.33251534017856477,225.5855855855856,-10,244
2024-11-27,Orlando Magic,Chicago Bulls,133,119,False,False,2024-11-27|Chicago Bulls|Orlando Magic,,final,bradley-terry,2.2857275976101312,-5.4984766248185535,Orlando Magic,7.784204222428684,225.5855855855856,14,252
2024-11-27,Utah Jazz,Denver Nuggets,103,122,False,False,2024-11-27|Denver Nuggets|Utah Jazz,,final,bradley-terry,-5.533147952580669,1.6164848060057866,Denver Nuggets,-7.149632758586455,225.5855855855856,-19,225
2024-11-27,Memphis Grizzlies,Detroit Pistons,131,111,False,False,2024-11-27|Detroit Pistons|Memphis Grizzlies,,final,bradley-terry,2.5943095165884014,-4.471255550414863,Memphis Grizzlies,7.065565067003265,225.5855855855856,20,242
2024-11-27,Philadelphia 76ers,Houston Rockets,115,122,False,False,2024-11-27|Houston Rockets|Philadelphia 76ers,,final,bradley-terry,-7.969161904853814,5.293461846056004,Houston Rockets,-13.262623750909817,225.5855855855856,-7,237
2024-11-27,Washington Wizards,Los Angeles Clippers,96,121,False,False,2024-11-27|Los Angeles Clippers|Washington Wizards,,final,bradley-terry,0.0,3.1750632149304003,Los Angeles Clippers,-3.1750632149304003,225.5855855855856,-25,217
2024-11-27,San Antonio Spurs,Los Angeles Lakers,101,119,False,False,2024-11-27|Los Angeles Lakers|San Antonio Spurs,,final,bradley-terry,0.6346700138827196,-0.0005644177797307501,San Antonio Spurs,0.6352344316624503,225.5855855855856,-18,220
2024-11-27,Charlotte Hornets,Miami Heat,94,98,False,False,2024-11-27|Miami Heat|Charlotte Hornets,,final,bradley-terry,-7.396144933881973,-3.303668971560309,Miami Heat,-4.092475962321664,225.5855855855856,-4,192
2024-11-27,Dallas Mavericks,New York Knicks,129,114,False,False,2024-11-27|New York Knicks|Dallas Mavericks,,final,bradley-terry,1.2690786389645416,-0.3588716223506382,Dallas Mavericks,1.62795026131518,225.5855855855856,15,243
2024-11-27,Golden State Warriors,Oklahoma City Thunder,101,105,False,False,2024-11-27|Oklahoma City Thunder|Golden State Warriors,,final,bradley-terry,3.4396787978826113,6.929898149898675,Oklahoma City Thunder,-3.490219352016064,225.5855855855856,-4,206
2024-11-27,Indiana Pacers,Portland Trail Blazers,121,114,False,False,2024-11-27|Portland Trail Blazers|Indiana Pacers,,final,bradley-terry,-4.829352877713647,-2.6907856245431025,Portland Trail Blazers,-2.138567253170544,225.5855855855856,7,235
2024-11-27,Minnesota Timberwolves,Sacramento Kings,104,115,False,False,2024-11-27|Sacramento Kings|Minnesota Timberwolves,,final,bradley-terry,-2.3459606640868986,-3.264272603151437,Minnesota Timberwolves,0.9183119390645382,225.5855855855856,-11,219
2024-11-27,New Orleans Pelicans,Toronto Raptors,93,119,False,False,2024-11-27|Toronto Raptors|New Orleans Pelicans,,final,bradley-terry,-11.91240235520095,-7.981966279659679,Toronto Raptors,-3.9304360755412704,225.5855855855856,-26,212
2024-11-29,Chicago Bulls,Boston Celtics,129,138,False,False,2024-11-29|Boston Celtics|Chicago Bulls,NBA Cup,final,bradley-terry,-5.4984766248185535,9.836342520581848,Boston Celtics,-15.334819145400402,225.5855855855856,-9,267
2024-11-29,Atlanta Hawks,Cleveland Cavaliers,117,101,False,False,2024-11-29|Cleveland Cavaliers|Atlanta Hawks,NBA Cup,final,bradley-terry,-1.5194296694580385,7.1122321967332445,Cleveland Cavaliers,-8.631661866191283,225.5855855855856,16,218
2024-11-29,Indiana Pacers,Detroit Pistons,106,130,False,False,2024-11-29|Detroit Pistons|Indiana Pacers,NBA Cup,final,bradley-terry,-4.829352877713647,-4.471255550414863,Detroit Pistons,-0.3580973272987835,225.5855855855856,-24,236
2024-11-29,Minnesota Timberwolves,Los Angeles Clippers,93,92,False,False,2024-11-29|Los Angeles Clippers|Minnesota Timberwolves,NBA Cup,final,bradley-terry,-2.3459606640868986,3.1750632149304003,Los Angeles Clippers,-5.521023879017299,225.5855855855856,1,185
2024-11-29,Memphis Grizzlies,New Orleans Pelicans,120,109,False,False,2024-11-29|New Orleans Pelicans|Memphis Grizzlies,NBA Cup,final,bradley-terry,2.5943095165884014,-11.91240235520095,Memphis Grizzlies,14.506711871789351,225.5855855855856,11,229
2024-11-29,Charlotte Hornets,New York Knicks,98,99,False,False,2024-11-29|New York Knicks|Charlotte Hornets,NBA Cup,final,bradley-terry,-7.396144933881973,-0.3588716223506382,New York Knicks,-7.037273311531335,225.5855855855856,-1,197
2024-11-29,Los Angeles Lakers,Oklahoma City Thunder,93,101,False,False,2024-11-29|Oklahoma City Thunder|Los Angeles Lakers,NBA Cup,final,bradley-terry,-0.0005644177797307501,6.929898149898675,Oklahoma City Thunder,-6.930462567678406,225.5855855855856,-8,194
2024-11-29,Brooklyn Nets,Orlando Magic,100,123,False,False,2024-11-29|Orlando Magic|Brooklyn Nets,NBA Cup,final,bradley-terry,-1.536210907029554,2.2857275976101312,Orlando Magic,-3.821938504639685,225.5855855855856,-23,223
2024-11-29,Portland Trail Blazers,Sacramento Kings,115,106,False,False,2024-11-29|Sacramento Kings|Portland Trail Blazers,NBA Cup,final,bradley-terry,-2.6907856245431025,-3.264272603151437,Portland Trail Blazers,0.5734869786083343,225.5855855855856,9,221
2024-11-29,Miami Heat,Toronto Raptors,121,111,False,False,2024-11-29|Toronto Raptors|Miami Heat,NBA Cup,final,bradley-terry,-3.303668971560309,-7.981966279659679,Miami Heat,4.678297308099371,225.5855855855856,10,232
2024-11-30,Charlotte Hornets,Atlanta Hawks,104,107,False,False,2024-11-30|Atlanta Hawks|Charlotte Hornets,,final,bradley-terry,-7.396144933881973,-1.5194296694580385,Atlanta Hawks,-5.876715264423934,225.5855855855856,-3,211
2024-11-30,Utah Jazz,Dallas Mavericks,94,106,False,False,2024-11-30|Dallas Mavericks|Utah Jazz,,final,bradley-terry,-5.533147952580669,1.2690786389645416,Dallas Mavericks,-6.80222659154521,225.5855855855856,-12,200
2024-11-30,Phoenix Suns,Golden State Warriors,113,105,False,False,2024-11-30|Golden State Warriors|Phoenix Suns,,final,bradley-terry,-1.2036955668509892,3.4396787978826113,Golden State Warriors,-4.6433743647336,225.5855855855856,8,218
2024-11-30,Detroit Pistons,Philadelphia 76ers,96,111,False,False,2024-11-30|Philadelphia 76ers|Detroit Pistons,,final,bradley-terry,-4.471255550414863,-7.969161904853814,Detroit Pistons,3.4979063544389506,225.5855855855856,-15,207
2024-11-30,Milwaukee Bucks,Washington Wizards,124,114,False,False,2024-11-30|Washington Wizards|Milwaukee Bucks,,final,bradley-terry,1.9420499891982181,0.0,Milwaukee Bucks,1.9420499891982181,225.5855855855856,10,238
