Date,Visitor/Neutral,PTS,Home/Neutral,PTS
Tue Oct 22 2024,New York Knicks,109,Boston Celtics,132
Tue Oct 22 2024,Minnesota Timberwolves,103,Los Angeles Lakers,110
Wed Oct 23 2024,Indiana Pacers,115,Detroit Pistons,109
Wed Oct 23 2024,Brooklyn Nets,116,Atlanta Hawks,120
Wed Oct 23 2024,Orlando Magic,116,Miami Heat,97
Wed Oct 23 2024,Milwaukee Bucks,124,Philadelphia 76ers,109
Wed Oct 23 2024,Cleveland Cavaliers,136,Toronto Raptors,106
Wed Oct 23 2024,Charlotte Hornets,110,Houston Rockets,105
Wed Oct 23 2024,Chicago Bulls,111,New Orleans Pelicans,123
Wed Oct 23 2024,Memphis Grizzlies,126,Utah Jazz,124
Wed Oct 23 2024,Phoenix Suns,116,Los Angeles Clippers,113
Wed Oct 23 2024,Golden State Warriors,140,Portland Trail Blazers,104
Thu Oct 24 2024,Boston Celtics,122,Washington Wizards,102
Thu Oct 24 2024,San Antonio Spurs,109,Dallas Mavericks,120
Thu Oct 24 2024,Minnesota Timberwolves,117,Sacramento Kings,115
Thu Oct 24 2024,Oklahoma City Thunder,102,Denver Nuggets,87
Fri Oct 25 2024,Brooklyn Nets,101,Orlando Magic,116
Fri Oct 25 2024,Philadelphia 76ers,107,Toronto Raptors,115
Fri Oct 25 2024,Charlotte Hornets,120,Atlanta Hawks,125
Fri Oct 25 2024,Detroit Pistons,101,Cleveland Cavaliers,113
Fri Oct 25 2024,Indiana Pacers,98,New York Knicks,123
Fri Oct 25 2024,Memphis Grizzlies,108,Houston Rockets,128
Fri Oct 25 2024,Chicago Bulls,133,Milwaukee Bucks,122
Fri Oct 25 2024,Golden State Warriors,127,Utah Jazz,86
Fri Oct 25 2024,Phoenix Suns,116,Los Angeles Lakers,123
Fri Oct 25 2024,New Orleans Pelicans,105,Portland Trail Blazers,103
Sat Oct 26 2024,Los Angeles Clippers,109,Denver Nuggets,104
Sat Oct 26 2024,Cleveland Cavaliers,135,Washington Wizards,116
Sat Oct 26 2024,Boston Celtics,124,Detroit Pistons,118
Sat Oct 26 2024,Miami Heat,114,Charlotte Hornets,106
Sat Oct 26 2024,Orlando Magic,111,Memphis Grizzlies,124
Sat Oct 26 2024,Toronto Raptors,101,Minnesota Timberwolves,112
Sat Oct 26 2024,Oklahoma City Thunder,114,Chicago Bulls,95
Sat Oct 26 2024,Houston Rockets,106,San Antonio Spurs,109
Sat Oct 26 2024,Dallas Mavericks,102,Phoenix Suns,114
Sat Oct 26 2024,Sacramento Kings,127,Los Angeles Lakers,131
Sun Oct 27 2024,Philadelphia 76ers,118,Indiana Pacers,114
Sun Oct 27 2024,New Orleans Pelicans,103,Portland Trail Blazers,125
Sun Oct 27 2024,Milwaukee Bucks,102,Brooklyn Nets,115
Sun Oct 27 2024,Atlanta Hawks,104,Oklahoma City Thunder,128
Sun Oct 27 2024,Los Angeles Clippers,112,Golden State Warriors,104
Mon Oct 28 2024,Indiana Pacers,115,Orlando Magic,119
Mon Oct 28 2024,Washington Wizards,121,Atlanta Hawks,119
Mon Oct 28 2024,Milwaukee Bucks,108,Boston Celtics,119
Mon Oct 28 2024,Denver Nuggets,127,Toronto Raptors,125
Mon Oct 28 2024,Detroit Pistons,98,Miami Heat,106
Mon Oct 28 2024,Cleveland Cavaliers,110,New York Knicks,104
Mon Oct 28 2024,Houston Rockets,106,San Antonio Spurs,101
Mon Oct 28 2024,Chicago Bulls,126,Memphis Grizzlies,123
Mon Oct 28 2024,Utah Jazz,102,Dallas Mavericks,110
Mon Oct 28 2024,Portland Trail Blazers,98,Sacramento Kings,111
Mon Oct 28 2024,Los Angeles Lakers,105,Phoenix Suns,109
Tue Oct 29 2024,Denver Nuggets,144,Brooklyn Nets,139
Tue Oct 29 2024,Dallas Mavericks,120,Minnesota Timberwolves,114
Tue Oct 29 2024,Sacramento Kings,113,Utah Jazz,96
Tue Oct 29 2024,New Orleans Pelicans,106,Golden State Warriors,124
Wed Oct 30 2024,Detroit Pistons,105,Philadelphia 76ers,95
Wed Oct 30 2024,Atlanta Hawks,120,Washington Wizards,133
Wed Oct 30 2024,Boston Celtics,132,Indiana Pacers,135
Wed Oct 30 2024,Los Angeles Lakers,110,Cleveland Cavaliers,134
Wed Oct 30 2024,Toronto Raptors,133,Charlotte Hornets,138
Wed Oct 30 2024,New York Knicks,116,Miami Heat,107
Wed Oct 30 2024,Orlando Magic,99,Chicago Bulls,102
Wed Oct 30 2024,Brooklyn Nets,119,Memphis Grizzlies,106
Wed Oct 30 2024,San Antonio Spurs,93,Oklahoma City Thunder,105
Wed Oct 30 2024,New Orleans Pelicans,89,Golden State Warriors,104
Wed Oct 30 2024,Portland Trail Blazers,106,Los Angeles Clippers,105
Thu Oct 31 2024,Milwaukee Bucks,99,Memphis Grizzlies,122
Thu Oct 31 2024,Houston Rockets,108,Dallas Mavericks,102
Thu Oct 31 2024,San Antonio Spurs,106,Utah Jazz,88
Thu Oct 31 2024,Phoenix Suns,125,Los Angeles Clippers,119
Fri Nov 1 2024,Boston Celtics,124,Charlotte Hornets,109
Fri Nov 1 2024,Orlando Magic,109,Cleveland Cavaliers,120
Fri Nov 1 2024,New York Knicks,128,Detroit Pistons,98
Fri Nov 1 2024,Sacramento Kings,123,Atlanta Hawks,115
Fri Nov 1 2024,Chicago Bulls,112,Brooklyn Nets,120
Fri Nov 1 2024,Los Angeles Lakers,131,Toronto Raptors,125
Fri Nov 1 2024,Indiana Pacers,118,New Orleans Pelicans,125
Fri Nov 1 2024,Denver Nuggets,116,Minnesota Timberwolves,119
Fri Nov 1 2024,Oklahoma City Thunder,137,Portland Trail Blazers,114
Sat Nov 2 2024,Boston Celtics,113,Charlotte Hornets,103
Sat Nov 2 2024,Memphis Grizzlies,124,Philadelphia 76ers,107
Sat Nov 2 2024,Sacramento Kings,128,Toronto Raptors,131
Sat Nov 2 2024,Golden State Warriors,127,Houston Rockets,121
Sat Nov 2 2024,Cleveland Cavaliers,114,Milwaukee Bucks,113
Sat Nov 2 2024,Minnesota Timberwolves,103,San Antonio Spurs,113
Sat Nov 2 2024,Miami Heat,118,Washington Wizards,98
Sat Nov 2 2024,Utah Jazz,103,Denver Nuggets,129
Sat Nov 2 2024,Portland Trail Blazers,97,Phoenix Suns,103
Sat Nov 2 2024,Oklahoma City Thunder,105,Los Angeles Clippers,92
Sun Nov 3 2024,Detroit Pistons,106,Brooklyn Nets,92
Sun Nov 3 2024,Atlanta Hawks,126,New Orleans Pelicans,111
Sun Nov 3 2024,Orlando Magic,85,Dallas Mavericks,108
Mon Nov 4 2024,Milwaukee Bucks,114,Cleveland Cavaliers,116
Mon Nov 4 2024,Golden State Warriors,125,Washington Wizards,112
Mon Nov 4 2024,Los Angeles Lakers,103,Detroit Pistons,115
Mon Nov 4 2024,Boston Celtics,123,Atlanta Hawks,93
Mon Nov 4 2024,Memphis Grizzlies,104,Brooklyn Nets,106
Mon Nov 4 2024,Sacramento Kings,111,Miami Heat,110
Mon Nov 4 2024,Utah Jazz,135,Chicago Bulls,126
Mon Nov 4 2024,New York Knicks,97,Houston Rockets,109
Mon Nov 4 2024,Charlotte Hornets,93,Minnesota Timberwolves,114
Mon Nov 4 2024,Orlando Magic,86,Oklahoma City Thunder,102
Mon Nov 4 2024,Portland Trail Blazers,118,New Orleans Pelicans,100
Mon Nov 4 2024,Indiana Pacers,134,Dallas Mavericks,127
Mon Nov 4 2024,Toronto Raptors,119,Denver Nuggets,121
Mon Nov 4 2024,Philadelphia 76ers,116,Phoenix Suns,118
Mon Nov 4 2024,San Antonio Spurs,104,Los Angeles Clippers,113
Wed Nov 6 2024,Detroit Pistons,107,Charlotte Hornets,108
Wed Nov 6 2024,Orlando Magic,111,Indiana Pacers,118
Wed Nov 6 2024,New York Knicks,116,Atlanta Hawks,121
Wed Nov 6 2024,Golden State Warriors,118,Boston Celtics,112
Wed Nov 6 2024,San Antonio Spurs,100,Houston Rockets,127
Wed Nov 6 2024,Los Angeles Lakers,114,Memphis Grizzlies,131
Wed Nov 6 2024,Cleveland Cavaliers,131,New Orleans Pelicans,122
Wed Nov 6 2024,Chicago Bulls,99,Dallas Mavericks,119
Wed Nov 6 2024,Oklahoma City Thunder,122,Denver Nuggets,124
Wed Nov 6 2024,Miami Heat,112,Phoenix Suns,115
Wed Nov 6 2024,Philadelphia 76ers,98,Los Angeles Clippers,110
Wed Nov 6 2024,Toronto Raptors,107,Sacramento Kings,122
Thu Nov 7 2024,Minnesota Timberwolves,135,Chicago Bulls,119
Thu Nov 7 2024,Utah Jazz,100,Milwaukee Bucks,123
Thu Nov 7 2024,Portland Trail Blazers,105,San Antonio Spurs,118
Fri Nov 8 2024,Indiana Pacers,83,Charlotte Hornets,103
Fri Nov 8 2024,Atlanta Hawks,121,Detroit Pistons,122
Fri Nov 8 2024,New Orleans Pelicans,88,Orlando Magic,115
Fri Nov 8 2024,Brooklyn Nets,104,Boston Celtics,108
Fri Nov 8 2024,Golden State Warriors,117,Cleveland Cavaliers,136
Fri Nov 8 2024,Phoenix Suns,114,Dallas Mavericks,113
Fri Nov 8 2024,Milwaukee Bucks,94,New York Knicks,116
Fri Nov 8 2024,Washington Wizards,104,Memphis Grizzlies,128
Fri Nov 8 2024,Houston Rockets,107,Oklahoma City Thunder,126
Fri Nov 8 2024,Miami Heat,122,Denver Nuggets,135
Fri Nov 8 2024,Portland Trail Blazers,102,Minnesota Timberwolves,127
Fri Nov 8 2024,Philadelphia 76ers,106,Los Angeles Lakers,116
Fri Nov 8 2024,Los Angeles Clippers,107,Sacramento Kings,98
Sat Nov 9 2024,Utah Jazz,111,San Antonio Spurs,110
Sat Nov 9 2024,Chicago Bulls,125,Atlanta Hawks,113
Sat Nov 9 2024,Brooklyn Nets,100,Cleveland Cavaliers,105
Sat Nov 9 2024,Toronto Raptors,103,Los Angeles Clippers,105
Sun Nov 10 2024,Houston Rockets,101,Detroit Pistons,99
Sun Nov 10 2024,Boston Celtics,113,Milwaukee Bucks,107
Sun Nov 10 2024,New York Knicks,121,Indiana Pacers,132
Sun Nov 10 2024,Washington Wizards,94,Orlando Magic,121
Sun Nov 10 2024,Miami Heat,95,Minnesota Timberwolves,94
Sun Nov 10 2024,Golden State Warriors,127,Oklahoma City Thunder,116
Sun Nov 10 2024,Charlotte Hornets,105,Philadelphia 76ers,107
Sun Nov 10 2024,Dallas Mavericks,120,Denver Nuggets,122
Sun Nov 10 2024,Sacramento Kings,127,Phoenix Suns,118
Sun Nov 10 2024,Memphis Grizzlies,134,Portland Trail Blazers,89
Sun Nov 10 2024,Toronto Raptors,103,Los Angeles Lakers,123
Mon Nov 11 2024,Cleveland Cavaliers,119,Chicago Bulls,113
Mon Nov 11 2024,Washington Wizards,92,Houston Rockets,107
Mon Nov 11 2024,Brooklyn Nets,107,New Orleans Pelicans,105
Mon Nov 11 2024,Los Angeles Clippers,128,Oklahoma City Thunder,134
Mon Nov 11 2024,Sacramento Kings,96,San Antonio Spurs,116
Tue Nov 12 2024,Atlanta Hawks,117,Boston Celtics,116
Tue Nov 12 2024,Miami Heat,121,Detroit Pistons,123
Tue Nov 12 2024,Charlotte Hornets,89,Orlando Magic,114
Tue Nov 12 2024,New York Knicks,111,Philadelphia 76ers,99
Tue Nov 12 2024,Toronto Raptors,85,Milwaukee Bucks,99
Tue Nov 12 2024,Phoenix Suns,120,Utah Jazz,112
Tue Nov 12 2024,Dallas Mavericks,117,Golden State Warriors,120
Tue Nov 12 2024,Minnesota Timberwolves,108,Portland Trail Blazers,122
Wed Nov 13 2024,Indiana Pacers,90,Orlando Magic,94
Wed Nov 13 2024,Boston Celtics,139,Brooklyn Nets,114
Wed Nov 13 2024,Chicago Bulls,124,New York Knicks,123
Wed Nov 13 2024,New Orleans Pelicans,88,Oklahoma City Thunder,106
Wed Nov 13 2024,Cleveland Cavaliers,114,Philadelphia 76ers,106
Wed Nov 13 2024,Los Angeles Clippers,103,Houston Rockets,111
Wed Nov 13 2024,Detroit Pistons,120,Milwaukee Bucks,127
Wed Nov 13 2024,Washington Wizards,130,San Antonio Spurs,139
Wed Nov 13 2024,Memphis Grizzlies,123,Los Angeles Lakers,128
Wed Nov 13 2024,Minnesota Timberwolves,98,Portland Trail Blazers,106
Wed Nov 13 2024,Phoenix Suns,104,Sacramento Kings,127
Thu Nov 14 2024,Dallas Mavericks,113,Utah Jazz,115
Fri Nov 15 2024,Miami Heat,124,Indiana Pacers,111
Fri Nov 15 2024,Philadelphia 76ers,86,Orlando Magic,98
Fri Nov 15 2024,Detroit Pistons,99,Toronto Raptors,95
Fri Nov 15 2024,Washington Wizards,117,Atlanta Hawks,129
Fri Nov 15 2024,Chicago Bulls,126,Cleveland Cavaliers,144
Fri Nov 15 2024,Brooklyn Nets,122,New York Knicks,124
Fri Nov 15 2024,Los Angeles Lakers,120,San Antonio Spurs,115
Fri Nov 15 2024,Los Angeles Clippers,104,Houston Rockets,125
Fri Nov 15 2024,Denver Nuggets,94,New Orleans Pelicans,101
Fri Nov 15 2024,Phoenix Suns,83,Oklahoma City Thunder,99
Fri Nov 15 2024,Memphis Grizzlies,118,Golden State Warriors,123
Fri Nov 15 2024,Minnesota Timberwolves,130,Sacramento Kings,126
Sat Nov 16 2024,Milwaukee Bucks,114,Charlotte Hornets,115
Sat Nov 16 2024,Toronto Raptors,123,Boston Celtics,126
Sat Nov 16 2024,Los Angeles Lakers,104,New Orleans Pelicans,99
Sat Nov 16 2024,San Antonio Spurs,93,Dallas Mavericks,110
Sat Nov 16 2024,Utah Jazz,117,Sacramento Kings,121
Sun Nov 17 2024,Phoenix Suns,117,Minnesota Timberwolves,120
Sun Nov 17 2024,Miami Heat,110,Indiana Pacers,119
Sun Nov 17 2024,Charlotte Hornets,114,Cleveland Cavaliers,128
Sun Nov 17 2024,Denver Nuggets,90,Memphis Grizzlies,105
Sun Nov 17 2024,Atlanta Hawks,110,Portland Trail Blazers,114
Sun Nov 17 2024,Detroit Pistons,124,Washington Wizards,104
Sun Nov 17 2024,Houston Rockets,143,Chicago Bulls,107
Sun Nov 17 2024,Brooklyn Nets,104,New York Knicks,114
Sun Nov 17 2024,Dallas Mavericks,121,Oklahoma City Thunder,119
Sun Nov 17 2024,Utah Jazz,105,Los Angeles Clippers,116
Mon Nov 18 2024,Chicago Bulls,122,Detroit Pistons,112
Mon Nov 18 2024,Philadelphia 76ers,89,Miami Heat,106
Mon Nov 18 2024,Washington Wizards,106,New York Knicks,134
Mon Nov 18 2024,Indiana Pacers,119,Toronto Raptors,130
Mon Nov 18 2024,Houston Rockets,100,Milwaukee Bucks,101
Mon Nov 18 2024,Orlando Magic,109,Phoenix Suns,99
Mon Nov 18 2024,Atlanta Hawks,109,Sacramento Kings,108
Mon Nov 18 2024,Golden State Warriors,99,Los Angeles Clippers,102
Tue Nov 19 2024,Cleveland Cavaliers,117,Boston Celtics,120
Tue Nov 19 2024,Charlotte Hornets,115,Brooklyn Nets,116
Tue Nov 19 2024,Denver Nuggets,122,Memphis Grizzlies,110
Tue Nov 19 2024,New Orleans Pelicans,91,Dallas Mavericks,132
Tue Nov 19 2024,Oklahoma City Thunder,104,San Antonio Spurs,110
Tue Nov 19 2024,Utah Jazz,118,Los Angeles Lakers,124
Wed Nov 20 2024,New Orleans Pelicans,100,Cleveland Cavaliers,128
Wed Nov 20 2024,Chicago Bulls,106,Milwaukee Bucks,122
Wed Nov 20 2024,Indiana Pacers,113,Houston Rockets,130
Wed Nov 20 2024,Philadelphia 76ers,111,Memphis Grizzlies,117
Wed Nov 20 2024,Portland Trail Blazers,99,Oklahoma City Thunder,109
Wed Nov 20 2024,Atlanta Hawks,97,Golden State Warriors,120
Wed Nov 20 2024,New York Knicks,138,Phoenix Suns,122
Wed Nov 20 2024,Orlando Magic,93,Los Angeles Clippers,104
Thu Nov 21 2024,Detroit Pistons,121,Charlotte Hornets,123
Thu Nov 21 2024,Minnesota Timberwolves,105,Toronto Raptors,110
Thu Nov 21 2024,Utah Jazz,118,San Antonio Spurs,126
Thu Nov 21 2024,Orlando Magic,119,Los Angeles Lakers,118
Fri Nov 22 2024,Brooklyn Nets,98,Philadelphia 76ers,113
Fri Nov 22 2024,Boston Celtics,108,Washington Wizards,96
Fri Nov 22 2024,Golden State Warriors,112,New Orleans Pelicans,108
Fri Nov 22 2024,Atlanta Hawks,122,Chicago Bulls,136
Fri Nov 22 2024,Portland Trail Blazers,88,Houston Rockets,116
Fri Nov 22 2024,Indiana Pacers,117,Milwaukee Bucks,129
Fri Nov 22 2024,Dallas Mavericks,123,Denver Nuggets,120
Fri Nov 22 2024,Sacramento Kings,88,Los Angeles Clippers,104
Sat Nov 23 2024,New York Knicks,106,Utah Jazz,121
Sat Nov 23 2024,Detroit Pistons,100,Orlando Magic,111
Sat Nov 23 2024,Memphis Grizzlies,142,Chicago Bulls,131
Sat Nov 23 2024,Portland Trail Blazers,104,Houston Rockets,98
Sat Nov 23 2024,Charlotte Hornets,119,Milwaukee Bucks,125
Sat Nov 23 2024,Golden State Warriors,94,San Antonio Spurs,104
Sat Nov 23 2024,Denver Nuggets,127,Los Angeles Lakers,102
Sun Nov 24 2024,Minnesota Timberwolves,105,Boston Celtics,107
Sun Nov 24 2024,Washington Wizards,103,Indiana Pacers,115
Sun Nov 24 2024,Dallas Mavericks,118,Miami Heat,123
Sun Nov 24 2024,Los Angeles Clippers,125,Philadelphia 76ers,99
Sun Nov 24 2024,Toronto Raptors,108,Cleveland Cavaliers,122
Sun Nov 24 2024,Brooklyn Nets,108,Sacramento Kings,103
Mon Nov 25 2024,Orlando Magic,95,Charlotte Hornets,84
Mon Nov 25 2024,Toronto Raptors,100,Detroit Pistons,102
Mon Nov 25 2024,New Orleans Pelicans,110,Indiana Pacers,114
Mon Nov 25 2024,Dallas Mavericks,129,Atlanta Hawks,119
Mon Nov 25 2024,Los Angeles Clippers,94,Boston Celtics,126
Mon Nov 25 2024,Portland Trail Blazers,98,Memphis Grizzlies,123
Mon Nov 25 2024,New York Knicks,145,Denver Nuggets,118
Mon Nov 25 2024,Brooklyn Nets,128,Golden State Warriors,120
Mon Nov 25 2024,Oklahoma City Thunder,130,Sacramento Kings,109
Tue Nov 26 2024,Chicago Bulls,127,Washington Wizards,108
Tue Nov 26 2024,Milwaukee Bucks,106,Miami Heat,103
Tue Nov 26 2024,Houston Rockets,117,Minnesota Timberwolves,111
Tue Nov 26 2024,San Antonio Spurs,128,Utah Jazz,115
Tue Nov 26 2024,Los Angeles Lakers,100,Phoenix Suns,127
Wed Nov 27 2024,Miami Heat,98,Charlotte Hornets,94
Wed Nov 27 2024,Atlanta Hawks,135,Cleveland Cavaliers,124
Wed Nov 27 2024,Portland Trail Blazers,114,Indiana Pacers,121
Wed Nov 27 2024,Chicago Bulls,119,Orlando Magic,133
Wed Nov 27 2024,Houston Rockets,122,Philadelphia 76ers,115
Wed Nov 27 2024,Los Angeles Clippers,121,Washington Wizards,96
Wed Nov 27 2024,New York Knicks,114,Dallas Mavericks,129
Wed Nov 27 2024,Detroit Pistons,111,Memphis Grizzlies,131
Wed Nov 27 2024,Sacramento Kings,115,Minnesota Timberwolves,104
Wed Nov 27 2024,Toronto Raptors,119,New Orleans Pelicans,93
Wed Nov 27 2024,Los Angeles Lakers,119,San Antonio Spurs,101
Wed Nov 27 2024,Brooklyn Nets,127,Phoenix Suns,117
Wed Nov 27 2024,Denver Nuggets,122,Utah Jazz,103
Wed Nov 27 2024,Oklahoma City Thunder,105,Golden State Warriors,101
Fri Nov 29 2024,New York Knicks,99,Charlotte Hornets,98
Fri Nov 29 2024,Cleveland Cavaliers,101,Atlanta Hawks,117
Fri Nov 29 2024,New Orleans Pelicans,109,Memphis Grizzlies,120
Fri Nov 29 2024,Orlando Magic,123,Brooklyn Nets,100
Fri Nov 29 2024,Los Angeles Clippers,92,Minnesota Timberwolves,93
Fri Nov 29 2024,Boston Celtics,138,Chicago Bulls,129
Fri Nov 29 2024,Detroit Pistons,130,Indiana Pacers,106
Fri Nov 29 2024,Toronto Raptors,111,Miami Heat,121
Fri Nov 29 2024,Oklahoma City Thunder,101,Los Angeles Lakers,93
Fri Nov 29 2024,Sacramento Kings,106,Portland Trail Blazers,115
Sat Nov 30 2024,Atlanta Hawks,107,Charlotte Hornets,104
Sat Nov 30 2024,Philadelphia 76ers,111,Detroit Pistons,96
Sat Nov 30 2024,Washington Wizards,114,Milwaukee Bucks,124
Sat Nov 30 2024,Golden State Warriors,105,Phoenix Suns,113
Sat Nov 30 2024,Dallas Mavericks,106,Utah Jazz,94
Sun Dec 1 2024,Orlando Magic,100,Brooklyn Nets,92
Sun Dec 1 2024,Indiana Pacers,121,Memphis Grizzlies,136
Sun Dec 1 2024,Boston Celtics,111,Cleveland Cavaliers,115
Sun Dec 1 2024,New Orleans Pelicans,85,New York Knicks,118
Sun Dec 1 2024,Miami Heat,116,Toronto Raptors,119
Sun Dec 1 2024,Oklahoma City Thunder,116,Houston Rockets,119
Sun Dec 1 2024,Los Angeles Lakers,105,Utah Jazz,104
Sun Dec 1 2024,Dallas Mavericks,137,Portland Trail Blazers,131
Sun Dec 1 2024,San Antonio Spurs,127,Sacramento Kings,125
Sun Dec 1 2024,Denver Nuggets,122,Los Angeles Clippers,126
Mon Dec 2 2024,New Orleans Pelicans,112,Atlanta Hawks,124
Mon Dec 2 2024,Miami Heat,89,Boston Celtics,108
Mon Dec 2 2024,Brooklyn Nets,102,Chicago Bulls,128
Mon Dec 2 2024,Los Angeles Lakers,80,Minnesota Timberwolves,109
Tue Dec 3 2024,Philadelphia 76ers,110,Charlotte Hornets,104
Tue Dec 3 2024,Washington Wizards,87,Cleveland Cavaliers,118
Tue Dec 3 2024,Milwaukee Bucks,128,Detroit Pistons,107
Tue Dec 3 2024,Orlando Magic,106,New York Knicks,121
Tue Dec 3 2024,Indiana Pacers,111,Toronto Raptors,122
Tue Dec 3 2024,Utah Jazz,106,Oklahoma City Thunder,133
Tue Dec 3 2024,Memphis Grizzlies,116,Dallas Mavericks,121
Tue Dec 3 2024,San Antonio Spurs,93,Phoenix Suns,104
Tue Dec 3 2024,Golden State Warriors,115,Denver Nuggets,119
Tue Dec 3 2024,Houston Rockets,111,Sacramento Kings,120
Tue Dec 3 2024,Portland Trail Blazers,105,Los Angeles Clippers,127
Wed Dec 4 2024,Detroit Pistons,120,Boston Celtics,130
Wed Dec 4 2024,Indiana Pacers,90,Brooklyn Nets,99
Wed Dec 4 2024,Los Angeles Lakers,93,Miami Heat,134
Wed Dec 4 2024,Orlando Magic,106,Philadelphia 76ers,102
Wed Dec 4 2024,Atlanta Hawks,119,Milwaukee Bucks,104
Wed Dec 4 2024,Minnesota Timberwolves,108,Los Angeles Clippers,80
Thu Dec 5 2024,Denver Nuggets,114,Cleveland Cavaliers,126
Thu Dec 5 2024,Dallas Mavericks,137,Washington Wizards,101
Thu Dec 5 2024,Charlotte Hornets,101,New York Knicks,125
Thu Dec 5 2024,Oklahoma City Thunder,129,Toronto Raptors,92
Thu Dec 5 2024,Sacramento Kings,110,Memphis Grizzlies,115
Thu Dec 5 2024,Phoenix Suns,124,New Orleans Pelicans,126
Thu Dec 5 2024,Chicago Bulls,139,San Antonio Spurs,124
Thu Dec 5 2024,Houston Rockets,93,Golden State Warriors,99
Fri Dec 6 2024,Orlando Magic,94,Philadelphia 76ers,102
Fri Dec 6 2024,Los Angeles Lakers,132,Atlanta Hawks,134
Fri Dec 6 2024,Milwaukee Bucks,105,Boston Celtics,111
Fri Dec 6 2024,Indiana Pacers,132,Chicago Bulls,123
Fri Dec 6 2024,Sacramento Kings,140,San Antonio Spurs,113
Fri Dec 6 2024,Minnesota Timberwolves,107,Golden State Warriors,90
Fri Dec 6 2024,Utah Jazz,141,Portland Trail Blazers,99
Sat Dec 7 2024,Cleveland Cavaliers,116,Charlotte Hornets,102
Sat Dec 7 2024,Oklahoma City Thunder,119,New Orleans Pelicans,109
Sat Dec 7 2024,Denver Nuggets,113,Washington Wizards,122
Sat Dec 7 2024,Detroit Pistons,120,New York Knicks,111
Sat Dec 7 2024,Dallas Mavericks,125,Toronto Raptors,118
Sat Dec 7 2024,Memphis Grizzlies,127,Boston Celtics,121
Sat Dec 7 2024,Phoenix Suns,111,Miami Heat,121
Sun Dec 8 2024,Philadelphia 76ers,108,Chicago Bulls,100
Sun Dec 8 2024,Milwaukee Bucks,118,Brooklyn Nets,113
Sun Dec 8 2024,Charlotte Hornets,113,Indiana Pacers,109
Sun Dec 8 2024,Denver Nuggets,141,Atlanta Hawks,111
Sun Dec 8 2024,Cleveland Cavaliers,113,Miami Heat,122
Sun Dec 8 2024,Phoenix Suns,110,Orlando Magic,115
Sun Dec 8 2024,New Orleans Pelicans,116,San Antonio Spurs,121
Sun Dec 8 2024,Memphis Grizzlies,140,Washington Wizards,112
Sun Dec 8 2024,Minnesota Timberwolves,106,Golden State Warriors,114
Sun Dec 8 2024,Houston Rockets,117,Los Angeles Clippers,106
Sun Dec 8 2024,Utah Jazz,97,Sacramento Kings,141
Sun Dec 8 2024,Portland Trail Blazers,98,Los Angeles Lakers,107
Mon Dec 9 2024,New York Knicks,113,Toronto Raptors,108
Tue Dec 10 2024,Orlando Magic,109,Milwaukee Bucks,114
Tue Dec 10 2024,Dallas Mavericks,104,Oklahoma City Thunder,118
Wed Dec 11 2024,Atlanta Hawks,108,New York Knicks,100
Wed Dec 11 2024,Golden State Warriors,90,Houston Rockets,91
Thu Dec 12 2024,Detroit Pistons,99,Boston Celtics,123
Thu Dec 12 2024,Toronto Raptors,104,Miami Heat,114
Thu Dec 12 2024,Sacramento Kings,111,New Orleans Pelicans,109
Fri Dec 13 2024,Washington Wizards,105,Cleveland Cavaliers,115
Fri Dec 13 2024,Indiana Pacers,121,Philadelphia 76ers,107
Fri Dec 13 2024,Charlotte Hornets,95,Chicago Bulls,109
Fri Dec 13 2024,Brooklyn Nets,119,Memphis Grizzlies,135
Fri Dec 13 2024,Los Angeles Lakers,87,Minnesota Timberwolves,97
Fri Dec 13 2024,Los Angeles Clippers,98,Denver Nuggets,120
Fri Dec 13 2024,Phoenix Suns,134,Utah Jazz,126
Fri Dec 13 2024,San Antonio Spurs,118,Portland Trail Blazers,116
Sat Dec 14 2024,Atlanta Hawks,102,Milwaukee Bucks,110
Sat Dec 14 2024,Houston Rockets,96,Oklahoma City Thunder,111
Sun Dec 15 2024,New Orleans Pelicans,104,Indiana Pacers,119
Sun Dec 15 2024,New York Knicks,100,Orlando Magic,91
Sun Dec 15 2024,Boston Celtics,112,Washington Wizards,98
Sun Dec 15 2024,Minnesota Timberwolves,106,San Antonio Spurs,92
Sun Dec 15 2024,Portland Trail Blazers,109,Phoenix Suns,116
Sun Dec 15 2024,Dallas Mavericks,143,Golden State Warriors,133
Sun Dec 15 2024,Memphis Grizzlies,110,Los Angeles Lakers,116
Mon Dec 16 2024,Philadelphia 76ers,121,Charlotte Hornets,108
Mon Dec 16 2024,Miami Heat,124,Detroit Pistons,125
Mon Dec 16 2024,Cleveland Cavaliers,130,Brooklyn Nets,101
Mon Dec 16 2024,Chicago Bulls,122,Toronto Raptors,121
Mon Dec 16 2024,Denver Nuggets,130,Sacramento Kings,129
Mon Dec 16 2024,Utah Jazz,107,Los Angeles Clippers,144
Tue Dec 17 2024,Milwaukee Bucks,97,Oklahoma City Thunder,81
Thu Dec 19 2024,Utah Jazz,126,Detroit Pistons,119
Thu Dec 19 2024,Oklahoma City Thunder,105,Orlando Magic,99
Thu Dec 19 2024,Charlotte Hornets,114,Washington Wizards,123
Thu Dec 19 2024,Chicago Bulls,117,Boston Celtics,108
Thu Dec 19 2024,Brooklyn Nets,101,Toronto Raptors,94
Thu Dec 19 2024,New Orleans Pelicans,113,Houston Rockets,133
Thu Dec 19 2024,Golden State Warriors,93,Memphis Grizzlies,144
Thu Dec 19 2024,Atlanta Hawks,126,San Antonio Spurs,133
Thu Dec 19 2024,Los Angeles Clippers,118,Dallas Mavericks,95
Thu Dec 19 2024,Indiana Pacers,120,Phoenix Suns,111
Thu Dec 19 2024,New York Knicks,133,Minnesota Timberwolves,107
Thu Dec 19 2024,Denver Nuggets,124,Portland Trail Blazers,126
Thu Dec 19 2024,Los Angeles Lakers,113,Sacramento Kings,100
Fri Dec 20 2024,Charlotte Hornets,98,Philadelphia 76ers,108
Fri Dec 20 2024,Milwaukee Bucks,101,Cleveland Cavaliers,124
Fri Dec 20 2024,Oklahoma City Thunder,104,Miami Heat,97
Sat Dec 21 2024,Los Angeles Lakers,103,Sacramento Kings,99
Sat Dec 21 2024,Miami Heat,114,Orlando Magic,121
Sat Dec 21 2024,Memphis Grizzlies,128,Atlanta Hawks,112
Sat Dec 21 2024,Utah Jazz,105,Brooklyn Nets,94
Sat Dec 21 2024,Boston Celtics,123,Chicago Bulls,98
Sat Dec 21 2024,Philadelphia 76ers,99,Cleveland Cavaliers,126
Sat Dec 21 2024,Washington Wizards,101,Milwaukee Bucks,112
Sat Dec 21 2024,Golden State Warriors,113,Minnesota Timberwolves,103
Sat Dec 21 2024,New York Knicks,104,New Orleans Pelicans,93
Sat Dec 21 2024,Los Angeles Clippers,97,Dallas Mavericks,113
Sat Dec 21 2024,Portland Trail Blazers,94,San Antonio Spurs,114
Sat Dec 21 2024,Detroit Pistons,133,Phoenix Suns,125
Sun Dec 22 2024,Indiana Pacers,122,Sacramento Kings,95
Sun Dec 22 2024,Houston Rockets,114,Toronto Raptors,110
Sun Dec 22 2024,Denver Nuggets,132,New Orleans Pelicans,129
Mon Dec 23 2024,Houston Rockets,114,Charlotte Hornets,101
Mon Dec 23 2024,Utah Jazz,113,Cleveland Cavaliers,124
Mon Dec 23 2024,Boston Celtics,104,Orlando Magic,108
Mon Dec 23 2024,San Antonio Spurs,106,Philadelphia 76ers,111
Mon Dec 23 2024,Minnesota Timberwolves,104,Atlanta Hawks,117
Mon Dec 23 2024,Brooklyn Nets,95,Miami Heat,110
Mon Dec 23 2024,Toronto Raptors,125,New York Knicks,139
Mon Dec 23 2024,Milwaukee Bucks,112,Chicago Bulls,91
Mon Dec 23 2024,Los Angeles Clippers,114,Memphis Grizzlies,110
Mon Dec 23 2024,Washington Wizards,105,Oklahoma City Thunder,123
Mon Dec 23 2024,Portland Trail Blazers,108,Dallas Mavericks,132
Mon Dec 23 2024,Phoenix Suns,90,Denver Nuggets,117
Mon Dec 23 2024,Indiana Pacers,111,Golden State Warriors,105
Mon Dec 23 2024,Detroit Pistons,117,Los Angeles Lakers,114
Wed Dec 25 2024,San Antonio Spurs,114,New York Knicks,117
Wed Dec 25 2024,Minnesota Timberwolves,105,Dallas Mavericks,99
Wed Dec 25 2024,Philadelphia 76ers,118,Boston Celtics,114
Wed Dec 25 2024,Los Angeles Lakers,115,Golden State Warriors,113
Wed Dec 25 2024,Denver Nuggets,100,Phoenix Suns,110
Thu Dec 26 2024,Oklahoma City Thunder,120,Indiana Pacers,114
Thu Dec 26 2024,Miami Heat,89,Orlando Magic,88
Thu Dec 26 2024,Charlotte Hornets,110,Washington Wizards,113
Thu Dec 26 2024,Chicago Bulls,133,Atlanta Hawks,141
Thu Dec 26 2024,Toronto Raptors,126,Memphis Grizzlies,155
Thu Dec 26 2024,Brooklyn Nets,111,Milwaukee Bucks,105
Thu Dec 26 2024,Houston Rockets,128,New Orleans Pelicans,111
Thu Dec 26 2024,Utah Jazz,120,Portland Trail Blazers,122
Thu Dec 26 2024,Detroit Pistons,114,Sacramento Kings,113
Fri Dec 27 2024,New York Knicks,108,Orlando Magic,85
Fri Dec 27 2024,Indiana Pacers,105,Boston Celtics,142
Fri Dec 27 2024,San Antonio Spurs,96,Brooklyn Nets,87
Fri Dec 27 2024,Minnesota Timberwolves,113,Houston Rockets,112
Fri Dec 27 2024,Memphis Grizzlies,132,New Orleans Pelicans,124
Fri Dec 27 2024,Cleveland Cavaliers,149,Denver Nuggets,135
Fri Dec 27 2024,Dallas Mavericks,98,Phoenix Suns,89
Fri Dec 27 2024,Golden State Warriors,92,Los Angeles Clippers,102
Sat Dec 28 2024,Miami Heat,110,Atlanta Hawks,120
Sat Dec 28 2024,Oklahoma City Thunder,106,Charlotte Hornets,94
Sat Dec 28 2024,New York Knicks,136,Washington Wizards,132
Sat Dec 28 2024,Milwaukee Bucks,111,Chicago Bulls,116
Sat Dec 28 2024,Phoenix Suns,105,Golden State Warriors,109
Sat Dec 28 2024,Detroit Pistons,121,Denver Nuggets,134
Sat Dec 28 2024,Philadelphia 76ers,114,Utah Jazz,111
Sat Dec 28 2024,Dallas Mavericks,122,Portland Trail Blazers,126
Sat Dec 28 2024,Sacramento Kings,122,Los Angeles Lakers,132
Sun Dec 29 2024,Brooklyn Nets,101,Orlando Magic,102
Sun Dec 29 2024,Indiana Pacers,123,Boston Celtics,114
Sun Dec 29 2024,Atlanta Hawks,136,Toronto Raptors,107
Sun Dec 29 2024,Miami Heat,104,Houston Rockets,100
Sun Dec 29 2024,Memphis Grizzlies,106,Oklahoma City Thunder,130
Sun Dec 29 2024,San Antonio Spurs,110,Minnesota Timberwolves,112
Mon Dec 30 2024,Chicago Bulls,115,Charlotte Hornets,108
Mon Dec 30 2024,New York Knicks,126,Washington Wizards,106
Mon Dec 30 2024,Los Angeles Clippers,116,New Orleans Pelicans,113
Mon Dec 30 2024,Denver Nuggets,132,Utah Jazz,121
Mon Dec 30 2024,Cleveland Cavaliers,113,Golden State Warriors,95
Mon Dec 30 2024,Philadelphia 76ers,125,Portland Trail Blazers,103
Mon Dec 30 2024,Dallas Mavericks,100,Sacramento Kings,110
Tue Dec 31 2024,Toronto Raptors,71,Boston Celtics,125
Tue Dec 31 2024,Milwaukee Bucks,120,Indiana Pacers,112
Tue Dec 31 2024,Los Angeles Clippers,86,San Antonio Spurs,122
Tue Dec 31 2024,Minnesota Timberwolves,105,Oklahoma City Thunder,113
Tue Dec 31 2024,Cleveland Cavaliers,122,Los Angeles Lakers,110
Tue Dec 31 2024,Memphis Grizzlies,117,Phoenix Suns,112
Wed Jan 1 2025,Orlando Magic,96,Detroit Pistons,105
Wed Jan 1 2025,Chicago Bulls,107,Washington Wizards,125
Wed Jan 1 2025,New Orleans Pelicans,108,Miami Heat,119
Wed Jan 1 2025,Utah Jazz,103,New York Knicks,119
Wed Jan 1 2025,Brooklyn Nets,113,Toronto Raptors,130
Wed Jan 1 2025,Dallas Mavericks,99,Houston Rockets,110
Wed Jan 1 2025,Atlanta Hawks,120,Denver Nuggets,139
Wed Jan 1 2025,Philadelphia 76ers,107,Sacramento Kings,113
Thu Jan 2 2025,Indiana Pacers,128,Miami Heat,115
Thu Jan 2 2025,Boston Celtics,118,Minnesota Timberwolves,115
Thu Jan 2 2025,Brooklyn Nets,113,Milwaukee Bucks,110
Thu Jan 2 2025,Los Angeles Clippers,98,Oklahoma City Thunder,116
Thu Jan 2 2025,Philadelphia 76ers,105,Golden State Warriors,139
Thu Jan 2 2025,Portland Trail Blazers,106,Los Angeles Lakers,114
Fri Jan 3 2025,Charlotte Hornets,94,Detroit Pistons,98
Fri Jan 3 2025,Orlando Magic,106,Toronto Raptors,97
Fri Jan 3 2025,Boston Celtics,109,Houston Rockets,86
Fri Jan 3 2025,Washington Wizards,120,New Orleans Pelicans,132
Fri Jan 3 2025,New York Knicks,107,Oklahoma City Thunder,117
Fri Jan 3 2025,Cleveland Cavaliers,134,Dallas Mavericks,122
Fri Jan 3 2025,San Antonio Spurs,113,Denver Nuggets,110
Fri Jan 3 2025,Memphis Grizzlies,133,Sacramento Kings,138
Fri Jan 3 2025,Atlanta Hawks,102,Los Angeles Lakers,119
Sat Jan 4 2025,Philadelphia 76ers,123,Brooklyn Nets,94
Sat Jan 4 2025,Minnesota Timberwolves,105,Detroit Pistons,119
Sat Jan 4 2025,Phoenix Suns,108,Indiana Pacers,126
Sat Jan 4 2025,New York Knicks,126,Chicago Bulls,139
Sat Jan 4 2025,Utah Jazz,136,Miami Heat,100
Sat Jan 4 2025,Portland Trail Blazers,105,Milwaukee Bucks,102
Sat Jan 4 2025,Denver Nuggets,122,San Antonio Spurs,111
Sat Jan 4 2025,Memphis Grizzlies,113,Golden State Warriors,121
Sat Jan 4 2025,Atlanta Hawks,105,Los Angeles Clippers,131
Sun Jan 5 2025,Boston Celtics,92,Oklahoma City Thunder,105
Sun Jan 5 2025,Charlotte Hornets,105,Cleveland Cavaliers,115
Sun Jan 5 2025,New Orleans Pelicans,110,Washington Wizards,98
Sun Jan 5 2025,Utah Jazz,105,Orlando Magic,92
Sun Jan 5 2025,Los Angeles Lakers,115,Houston Rockets,119
Sun Jan 5 2025,Sacramento Kings,129,Golden State Warriors,99
Mon Jan 6 2025,Portland Trail Blazers,115,Detroit Pistons,118
Mon Jan 6 2025,Phoenix Suns,109,Philadelphia 76ers,99
Mon Jan 6 2025,Indiana Pacers,113,Brooklyn Nets,99
Mon Jan 6 2025,Orlando Magic,103,New York Knicks,94
Mon Jan 6 2025,Milwaukee Bucks,128,Toronto Raptors,104
Mon Jan 6 2025,San Antonio Spurs,110,Chicago Bulls,114
Mon Jan 6 2025,Dallas Mavericks,104,Memphis Grizzlies,119
Mon Jan 6 2025,Los Angeles Clippers,106,Minnesota Timberwolves,108
Mon Jan 6 2025,Miami Heat,118,Sacramento Kings,123
Tue Jan 7 2025,Phoenix Suns,104,Charlotte Hornets,115
Tue Jan 7 2025,Houston Rockets,135,Washington Wizards,112
Tue Jan 7 2025,Los Angeles Lakers,97,Dallas Mavericks,118
Tue Jan 7 2025,Minnesota Timberwolves,104,New Orleans Pelicans,97
Tue Jan 7 2025,Atlanta Hawks,124,Utah Jazz,121
Tue Jan 7 2025,Boston Celtics,118,Denver Nuggets,106
Tue Jan 7 2025,Miami Heat,114,Golden State Warriors,98
Wed Jan 8 2025,Oklahoma City Thunder,122,Cleveland Cavaliers,129
Wed Jan 8 2025,Chicago Bulls,113,Indiana Pacers,129
Wed Jan 8 2025,Washington Wizards,103,Philadelphia 76ers,109
Wed Jan 8 2025,Detroit Pistons,113,Brooklyn Nets,98
Wed Jan 8 2025,Toronto Raptors,98,New York Knicks,112
Wed Jan 8 2025,Portland Trail Blazers,119,New Orleans Pelicans,100
Wed Jan 8 2025,Los Angeles Clippers,103,Denver Nuggets,126
Wed Jan 8 2025,San Antonio Spurs,105,Milwaukee Bucks,121
Thu Jan 9 2025,Toronto Raptors,126,Cleveland Cavaliers,132
Thu Jan 9 2025,Golden State Warriors,107,Detroit Pistons,104
Thu Jan 9 2025,Minnesota Timberwolves,104,Orlando Magic,89
Thu Jan 9 2025,Portland Trail Blazers,111,Dallas Mavericks,117
Thu Jan 9 2025,Houston Rockets,119,Memphis Grizzlies,115
Thu Jan 9 2025,Atlanta Hawks,115,Phoenix Suns,123
Thu Jan 9 2025,Miami Heat,97,Utah Jazz,92
Fri Jan 10 2025,Golden State Warriors,96,Indiana Pacers,108
Fri Jan 10 2025,Milwaukee Bucks,109,Orlando Magic,106
Fri Jan 10 2025,New Orleans Pelicans,123,Philadelphia 76ers,115
Fri Jan 10 2025,Sacramento Kings,114,Boston Celtics,97
Fri Jan 10 2025,Oklahoma City Thunder,126,New York Knicks,101
Fri Jan 10 2025,Washington Wizards,105,Chicago Bulls,138
Fri Jan 10 2025,Brooklyn Nets,105,Denver Nuggets,124
Sat Jan 11 2025,Utah Jazz,106,Phoenix Suns,114
Sat Jan 11 2025,Toronto Raptors,114,Detroit Pistons,123
Sat Jan 11 2025,Memphis Grizzlies,127,Minnesota Timberwolves,125
Sat Jan 11 2025,Miami Heat,119,Portland Trail Blazers,98
Sun Jan 12 2025,Denver Nuggets,112,Dallas Mavericks,101
Sun Jan 12 2025,Milwaukee Bucks,106,New York Knicks,140
Sun Jan 12 2025,Sacramento Kings,124,Chicago Bulls,119
Sun Jan 12 2025,New Orleans Pelicans,119,Boston Celtics,120
Sun Jan 12 2025,Indiana Pacers,108,Cleveland Cavaliers,93
Sun Jan 12 2025,Philadelphia 76ers,99,Orlando Magic,104
Sun Jan 12 2025,Oklahoma City Thunder,136,Washington Wizards,95
Sun Jan 12 2025,Brooklyn Nets,111,Utah Jazz,112
Sun Jan 12 2025,Charlotte Hornets,113,Phoenix Suns,120
Mon Jan 13 2025,Minnesota Timberwolves,120,Washington Wizards,106
Mon Jan 13 2025,Detroit Pistons,124,New York Knicks,119
Mon Jan 13 2025,Golden State Warriors,101,Toronto Raptors,104
Mon Jan 13 2025,Memphis Grizzlies,118,Houston Rockets,120
Mon Jan 13 2025,Miami Heat,98,Los Angeles Clippers,109
Mon Jan 13 2025,San Antonio Spurs,126,Los Angeles Lakers,102
Tue Jan 14 2025,Cleveland Cavaliers,127,Indiana Pacers,117
Tue Jan 14 2025,Oklahoma City Thunder,118,Philadelphia 76ers,102
Tue Jan 14 2025,Phoenix Suns,117,Atlanta Hawks,122
Tue Jan 14 2025,New Orleans Pelicans,119,Chicago Bulls,113
Tue Jan 14 2025,Sacramento Kings,115,Milwaukee Bucks,130
Tue Jan 14 2025,Denver Nuggets,118,Dallas Mavericks,99
Tue Jan 14 2025,Brooklyn Nets,132,Portland Trail Blazers,114
Wed Jan 15 2025,New York Knicks,125,Philadelphia 76ers,119
Wed Jan 15 2025,Boston Celtics,97,Toronto Raptors,110
Wed Jan 15 2025,Atlanta Hawks,110,Chicago Bulls,94
Wed Jan 15 2025,Orlando Magic,93,Milwaukee Bucks,122
Wed Jan 15 2025,Dallas Mavericks,116,New Orleans Pelicans,119
Wed Jan 15 2025,Memphis Grizzlies,129,San Antonio Spurs,115
Wed Jan 15 2025,Houston Rockets,128,Denver Nuggets,108
Wed Jan 15 2025,Charlotte Hornets,117,Utah Jazz,112
Wed Jan 15 2025,Golden State Warriors,116,Minnesota Timberwolves,115
Wed Jan 15 2025,Miami Heat,108,Los Angeles Lakers,117
Wed Jan 15 2025,Brooklyn Nets,67,Los Angeles Clippers,126
Thu Jan 16 2025,Indiana Pacers,111,Detroit Pistons,100
Thu Jan 16 2025,Phoenix Suns,130,Washington Wizards,123
Thu Jan 16 2025,Cleveland Cavaliers,114,Oklahoma City Thunder,134
Thu Jan 16 2025,Los Angeles Clippers,118,Portland Trail Blazers,89
Thu Jan 16 2025,Houston Rockets,127,Sacramento Kings,132
Fri Jan 17 2025,Orlando Magic,94,Boston Celtics,121
Fri Jan 17 2025,Minnesota Timberwolves,116,New York Knicks,99
Fri Jan 17 2025,Charlotte Hornets,125,Chicago Bulls,123
Fri Jan 17 2025,Denver Nuggets,133,Miami Heat,113
Fri Jan 17 2025,Toronto Raptors,112,Milwaukee Bucks,130
Fri Jan 17 2025,Utah Jazz,123,New Orleans Pelicans,136
Fri Jan 17 2025,Oklahoma City Thunder,98,Dallas Mavericks,106
Fri Jan 17 2025,Memphis Grizzlies,140,San Antonio Spurs,112
Fri Jan 17 2025,Brooklyn Nets,101,Los Angeles Lakers,102
Sat Jan 18 2025,Phoenix Suns,125,Detroit Pistons,121
Sat Jan 18 2025,Atlanta Hawks,119,Boston Celtics,115
Sat Jan 18 2025,Philadelphia 76ers,102,Indiana Pacers,115
Sat Jan 18 2025,Washington Wizards,114,Golden State Warriors,122
Sat Jan 18 2025,Cleveland Cavaliers,124,Minnesota Timberwolves,117
Sat Jan 18 2025,Houston Rockets,125,Portland Trail Blazers,103
Sun Jan 19 2025,San Antonio Spurs,107,Miami Heat,128
Sun Jan 19 2025,Denver Nuggets,113,Orlando Magic,100
Sun Jan 19 2025,Philadelphia 76ers,109,Milwaukee Bucks,123
Sun Jan 19 2025,Brooklyn Nets,101,Oklahoma City Thunder,127
Sun Jan 19 2025,Los Angeles Lakers,102,Los Angeles Clippers,116
Sun Jan 19 2025,Chicago Bulls,102,Portland Trail Blazers,113
Sun Jan 19 2025,Washington Wizards,100,Sacramento Kings,123
Mon Jan 20 2025,Dallas Mavericks,105,Charlotte Hornets,110
Mon Jan 20 2025,Detroit Pistons,107,Houston Rockets,96
Mon Jan 20 2025,Minnesota Timberwolves,106,Memphis Grizzlies,108
Mon Jan 20 2025,Atlanta Hawks,110,New York Knicks,119
Mon Jan 20 2025,Phoenix Suns,92,Cleveland Cavaliers,118
Mon Jan 20 2025,Boston Celtics,125,Golden State Warriors,85
Mon Jan 20 2025,Utah Jazz,119,New Orleans Pelicans,123
Mon Jan 20 2025,Chicago Bulls,112,Los Angeles Clippers,99
Tue Jan 21 2025,New York Knicks,99,Brooklyn Nets,95
Tue Jan 21 2025,Portland Trail Blazers,116,Miami Heat,107
Tue Jan 21 2025,Orlando Magic,93,Toronto Raptors,109
Tue Jan 21 2025,Philadelphia 76ers,109,Denver Nuggets,144
Tue Jan 21 2025,Washington Wizards,88,Los Angeles Lakers,111
Wed Jan 22 2025,Detroit Pistons,114,Atlanta Hawks,104
Wed Jan 22 2025,Phoenix Suns,108,Brooklyn Nets,84
Wed Jan 22 2025,Minnesota Timberwolves,115,Dallas Mavericks,114
Wed Jan 22 2025,Cleveland Cavaliers,108,Houston Rockets,109
Wed Jan 22 2025,Charlotte Hornets,120,Memphis Grizzlies,132
Wed Jan 22 2025,Utah Jazz,114,Oklahoma City Thunder,123
Wed Jan 22 2025,Golden State Warriors,117,Sacramento Kings,123
Wed Jan 22 2025,Boston Celtics,117,Los Angeles Clippers,113
Thu Jan 23 2025,San Antonio Spurs,140,Indiana Pacers,110
Thu Jan 23 2025,Portland Trail Blazers,101,Orlando Magic,79
Thu Jan 23 2025,Toronto Raptors,122,Atlanta Hawks,119
Thu Jan 23 2025,Dallas Mavericks,121,Oklahoma City Thunder,115
Thu Jan 23 2025,Miami Heat,96,Milwaukee Bucks,125
Thu Jan 23 2025,Sacramento Kings,123,Denver Nuggets,132
Thu Jan 23 2025,Chicago Bulls,106,Golden State Warriors,131
Thu Jan 23 2025,Boston Celtics,96,Los Angeles Lakers,117
Thu Jan 23 2025,Washington Wizards,93,Los Angeles Clippers,110
Fri Jan 24 2025,Portland Trail Blazers,102,Charlotte Hornets,97
Fri Jan 24 2025,Cleveland Cavaliers,129,Philadelphia 76ers,132
Fri Jan 24 2025,New Orleans Pelicans,126,Memphis Grizzlies,139
Sat Jan 25 2025,Indiana Pacers,136,San Antonio Spurs,98
Sat Jan 25 2025,Denver Nuggets,104,Minnesota Timberwolves,133
Sat Jan 25 2025,Boston Celtics,122,Dallas Mavericks,107
Sat Jan 25 2025,Miami Heat,106,Brooklyn Nets,97
Sat Jan 25 2025,New Orleans Pelicans,92,Charlotte Hornets,123
Sat Jan 25 2025,Detroit Pistons,113,Orlando Magic,121
Sat Jan 25 2025,Toronto Raptors,117,Atlanta Hawks,94
Sat Jan 25 2025,Houston Rockets,135,Cleveland Cavaliers,131
Sat Jan 25 2025,Sacramento Kings,120,New York Knicks,143
Sat Jan 25 2025,Philadelphia 76ers,109,Chicago Bulls,97
Sat Jan 25 2025,Utah Jazz,103,Memphis Grizzlies,125
Sat Jan 25 2025,Los Angeles Lakers,118,Golden State Warriors,108
Sat Jan 25 2025,Washington Wizards,109,Phoenix Suns,119
Sat Jan 25 2025,Milwaukee Bucks,117,Los Angeles Clippers,127
Sun Jan 26 2025,Oklahoma City Thunder,118,Portland Trail Blazers,108
Mon Jan 27 2025,Los Angeles Lakers,112,Charlotte Hornets,107
Mon Jan 27 2025,Detroit Pistons,91,Cleveland Cavaliers,110
Mon Jan 27 2025,Houston Rockets,114,Boston Celtics,112
Mon Jan 27 2025,Sacramento Kings,110,Brooklyn Nets,96
Mon Jan 27 2025,Orlando Magic,119,Miami Heat,125
Mon Jan 27 2025,Memphis Grizzlies,106,New York Knicks,143
Mon Jan 27 2025,New Orleans Pelicans,104,Toronto Raptors,113
Mon Jan 27 2025,Denver Nuggets,121,Chicago Bulls,129
Mon Jan 27 2025,Atlanta Hawks,92,Minnesota Timberwolves,100
Mon Jan 27 2025,Washington Wizards,108,Dallas Mavericks,130
Mon Jan 27 2025,Milwaukee Bucks,125,Utah Jazz,110
Mon Jan 27 2025,Los Angeles Clippers,109,Phoenix Suns,111
Tue Jan 28 2025,Houston Rockets,100,Atlanta Hawks,96
Tue Jan 28 2025,Los Angeles Lakers,104,Philadelphia 76ers,118
Tue Jan 28 2025,Utah Jazz,103,Golden State Warriors,114
Tue Jan 28 2025,Milwaukee Bucks,112,Portland Trail Blazers,125
Wed Jan 29 2025,Brooklyn Nets,104,Charlotte Hornets,83
Wed Jan 29 2025,Detroit Pistons,119,Indiana Pacers,133
Wed Jan 29 2025,Toronto Raptors,106,Washington Wizards,82
Wed Jan 29 2025,Chicago Bulls,100,Boston Celtics,122
Wed Jan 29 2025,Cleveland Cavaliers,126,Miami Heat,106
Wed Jan 29 2025,Denver Nuggets,112,New York Knicks,122
Wed Jan 29 2025,Sacramento Kings,104,Philadelphia 76ers,117
Wed Jan 29 2025,Dallas Mavericks,137,New Orleans Pelicans,136
Wed Jan 29 2025,Los Angeles Clippers,128,San Antonio Spurs,116
Wed Jan 29 2025,Minnesota Timberwolves,121,Phoenix Suns,113
Wed Jan 29 2025,Oklahoma City Thunder,109,Golden State Warriors,116
Thu Jan 30 2025,Atlanta Hawks,115,Cleveland Cavaliers,137
Thu Jan 30 2025,Los Angeles Lakers,134,Washington Wizards,96
Thu Jan 30 2025,Minnesota Timberwolves,138,Utah Jazz,113
Thu Jan 30 2025,Houston Rockets,119,Memphis Grizzlies,120
Thu Jan 30 2025,Orlando Magic,90,Portland Trail Blazers,119
Fri Jan 31 2025,Los Angeles Clippers,112,Charlotte Hornets,104
Fri Jan 31 2025,Dallas Mavericks,102,Detroit Pistons,117
Fri Jan 31 2025,Denver Nuggets,137,Philadelphia 76ers,134
Fri Jan 31 2025,Chicago Bulls,122,Toronto Raptors,106
Fri Jan 31 2025,Boston Celtics,118,New Orleans Pelicans,116
Fri Jan 31 2025,Milwaukee Bucks,118,San Antonio Spurs,144
Fri Jan 31 2025,Phoenix Suns,130,Golden State Warriors,105
Sat Feb 1 2025,Atlanta Hawks,127,Indiana Pacers,132
Sat Feb 1 2025,Orlando Magic,99,Utah Jazz,113
Sat Feb 1 2025,Denver Nuggets,107,Charlotte Hornets,104
Sat Feb 1 2025,Brooklyn Nets,110,Houston Rockets,98
Sat Feb 1 2025,Washington Wizards,105,Minnesota Timberwolves,103
Sat Feb 1 2025,Sacramento Kings,110,Oklahoma City Thunder,144
Sat Feb 1 2025,Los Angeles Lakers,128,New York Knicks,112
Sat Feb 1 2025,Miami Heat,105,San Antonio Spurs,103
Sat Feb 1 2025,Phoenix Suns,108,Portland Trail Blazers,127
Sun Feb 2 2025,Chicago Bulls,119,Detroit Pistons,127
Sun Feb 2 2025,Dallas Mavericks,101,Cleveland Cavaliers,144
Sun Feb 2 2025,Los Angeles Clippers,108,Toronto Raptors,115
Sun Feb 2 2025,Boston Celtics,118,Philadelphia 76ers,110
Sun Feb 2 2025,Memphis Grizzlies,132,Milwaukee Bucks,119
Mon Feb 3 2025,Washington Wizards,124,Charlotte Hornets,114
Mon Feb 3 2025,Atlanta Hawks,132,Detroit Pistons,130
Mon Feb 3 2025,Houston Rockets,118,New York Knicks,124
Mon Feb 3 2025,San Antonio Spurs,109,Memphis Grizzlies,128
Mon Feb 3 2025,Sacramento Kings,116,Minnesota Timberwolves,114
Mon Feb 3 2025,Milwaukee Bucks,96,Oklahoma City Thunder,125
Mon Feb 3 2025,New Orleans Pelicans,113,Denver Nuggets,125
Mon Feb 3 2025,Indiana Pacers,112,Utah Jazz,111
Mon Feb 3 2025,Orlando Magic,99,Golden State Warriors,104
Mon Feb 3 2025,Phoenix Suns,119,Portland Trail Blazers,121
Tue Feb 4 2025,Dallas Mavericks,116,Philadelphia 76ers,118
Tue Feb 4 2025,Houston Rockets,97,Brooklyn Nets,99
Tue Feb 4 2025,Boston Celtics,112,Cleveland Cavaliers,105
Tue Feb 4 2025,New York Knicks,121,Toronto Raptors,115
Tue Feb 4 2025,Miami Heat,124,Chicago Bulls,133
Tue Feb 4 2025,Los Angeles Lakers,122,Los Angeles Clippers,97
Tue Feb 4 2025,Indiana Pacers,89,Portland Trail Blazers,112
Wed Feb 5 2025,San Antonio Spurs,126,Atlanta Hawks,125
Wed Feb 5 2025,Milwaukee Bucks,112,Charlotte Hornets,102
Wed Feb 5 2025,Cleveland Cavaliers,118,Detroit Pistons,115
Wed Feb 5 2025,Washington Wizards,119,Brooklyn Nets,102
Wed Feb 5 2025,Miami Heat,108,Philadelphia 76ers,101
Wed Feb 5 2025,Memphis Grizzlies,138,Toronto Raptors,107
Wed Feb 5 2025,Chicago Bulls,108,Minnesota Timberwolves,127
Wed Feb 5 2025,New Orleans Pelicans,119,Denver Nuggets,144
Wed Feb 5 2025,Golden State Warriors,128,Utah Jazz,131
Wed Feb 5 2025,Phoenix Suns,109,Oklahoma City Thunder,140
Wed Feb 5 2025,Orlando Magic,130,Sacramento Kings,111
Thu Feb 6 2025,Dallas Mavericks,127,Boston Celtics,120
Thu Feb 6 2025,Houston Rockets,114,Minnesota Timberwolves,127
Thu Feb 6 2025,Orlando Magic,90,Denver Nuggets,112
Thu Feb 6 2025,Golden State Warriors,112,Los Angeles Lakers,120
Thu Feb 6 2025,Sacramento Kings,102,Portland Trail Blazers,108
Thu Feb 6 2025,Indiana Pacers,119,Los Angeles Clippers,112
Fri Feb 7 2025,San Antonio Spurs,116,Charlotte Hornets,117
Fri Feb 7 2025,Cleveland Cavaliers,134,Washington Wizards,124
Fri Feb 7 2025,Milwaukee Bucks,110,Atlanta Hawks,115
Fri Feb 7 2025,Miami Heat,86,Brooklyn Nets,102
Fri Feb 7 2025,Philadelphia 76ers,112,Detroit Pistons,125
Fri Feb 7 2025,Toronto Raptors,109,Oklahoma City Thunder,121
Fri Feb 7 2025,Utah Jazz,127,Phoenix Suns,135
Sat Feb 8 2025,Houston Rockets,105,Dallas Mavericks,116
Sat Feb 8 2025,Indiana Pacers,117,Los Angeles Lakers,124
Sat Feb 8 2025,San Antonio Spurs,111,Orlando Magic,112
Sat Feb 8 2025,Atlanta Hawks,125,Washington Wizards,111
Sat Feb 8 2025,Golden State Warriors,132,Chicago Bulls,111
Sat Feb 8 2025,Oklahoma City Thunder,125,Memphis Grizzlies,112
Sat Feb 8 2025,Portland Trail Blazers,98,Minnesota Timberwolves,114
Sat Feb 8 2025,Boston Celtics,131,New York Knicks,104
Sat Feb 8 2025,Denver Nuggets,122,Phoenix Suns,105
Sat Feb 8 2025,New Orleans Pelicans,118,Sacramento Kings,123
Sat Feb 8 2025,Utah Jazz,110,Los Angeles Clippers,130
Sun Feb 9 2025,Charlotte Hornets,102,Detroit Pistons,112
Sun Feb 9 2025,Toronto Raptors,87,Houston Rockets,94
Sun Feb 9 2025,Philadelphia 76ers,127,Milwaukee Bucks,135
Mon Feb 10 2025,Minnesota Timberwolves,107,Cleveland Cavaliers,128
Mon Feb 10 2025,Atlanta Hawks,112,Orlando Magic,106
Mon Feb 10 2025,San Antonio Spurs,131,Washington Wizards,121
Mon Feb 10 2025,Charlotte Hornets,89,Brooklyn Nets,97
Mon Feb 10 2025,Boston Celtics,103,Miami Heat,85
Mon Feb 10 2025,Golden State Warriors,125,Milwaukee Bucks,111
Mon Feb 10 2025,New Orleans Pelicans,101,Oklahoma City Thunder,137
Mon Feb 10 2025,Sacramento Kings,129,Dallas Mavericks,128
Mon Feb 10 2025,Portland Trail Blazers,117,Denver Nuggets,146
Mon Feb 10 2025,Utah Jazz,113,Los Angeles Lakers,132
Tue Feb 11 2025,Toronto Raptors,106,Philadelphia 76ers,103
Tue Feb 11 2025,New York Knicks,128,Indiana Pacers,115
Tue Feb 11 2025,Detroit Pistons,132,Chicago Bulls,92
Tue Feb 11 2025,Memphis Grizzlies,119,Phoenix Suns,112
Wed Feb 12 2025,San Antonio Spurs,103,Boston Celtics,116
Wed Feb 12 2025,Charlotte Hornets,86,Orlando Magic,102
Wed Feb 12 2025,Indiana Pacers,134,Washington Wizards,130
Wed Feb 12 2025,Philadelphia 76ers,96,Brooklyn Nets,100
Wed Feb 12 2025,Atlanta Hawks,148,New York Knicks,149
Wed Feb 12 2025,Cleveland Cavaliers,131,Toronto Raptors,108
Wed Feb 12 2025,Detroit Pistons,128,Chicago Bulls,110
Wed Feb 12 2025,Milwaukee Bucks,103,Minnesota Timberwolves,101
Wed Feb 12 2025,Sacramento Kings,119,New Orleans Pelicans,111
Wed Feb 12 2025,Miami Heat,101,Oklahoma City Thunder,115
Wed Feb 12 2025,Phoenix Suns,111,Houston Rockets,119
Wed Feb 12 2025,Portland Trail Blazers,121,Denver Nuggets,132
Wed Feb 12 2025,Los Angeles Lakers,119,Utah Jazz,131
Wed Feb 12 2025,Golden State Warriors,107,Dallas Mavericks,111
Wed Feb 12 2025,Memphis Grizzlies,114,Los Angeles Clippers,128
Thu Feb 13 2025,Golden State Warriors,105,Houston Rockets,98
Thu Feb 13 2025,Sacramento Kings,133,New Orleans Pelicans,140
Thu Feb 13 2025,Miami Heat,113,Dallas Mavericks,118
Thu Feb 13 2025,Oklahoma City Thunder,101,Minnesota Timberwolves,116
Thu Feb 13 2025,Los Angeles Clippers,120,Utah Jazz,116
Wed Feb 19 2025,Charlotte Hornets,100,Los Angeles Lakers,97
Thu Feb 20 2025,Memphis Grizzlies,113,Indiana Pacers,127
Thu Feb 20 2025,Boston Celtics,124,Philadelphia 76ers,104
Thu Feb 20 2025,Orlando Magic,114,Atlanta Hawks,108
Thu Feb 20 2025,Cleveland Cavaliers,110,Brooklyn Nets,97
Thu Feb 20 2025,Chicago Bulls,111,New York Knicks,113
Thu Feb 20 2025,Los Angeles Clippers,110,Milwaukee Bucks,116
Thu Feb 20 2025,Charlotte Hornets,115,Denver Nuggets,129
Thu Feb 20 2025,Phoenix Suns,109,San Antonio Spurs,120
Thu Feb 20 2025,Los Angeles Lakers,110,Portland Trail Blazers,102
Fri Feb 21 2025,New York Knicks,105,Cleveland Cavaliers,142
Fri Feb 21 2025,Memphis Grizzlies,105,Orlando Magic,104
Fri Feb 21 2025,Milwaukee Bucks,104,Washington Wizards,101
Fri Feb 21 2025,Miami Heat,120,Toronto Raptors,111
Fri Feb 21 2025,New Orleans Pelicans,103,Dallas Mavericks,111
Fri Feb 21 2025,Detroit Pistons,125,San Antonio Spurs,110
Fri Feb 21 2025,Minnesota Timberwolves,115,Houston Rockets,121
Fri Feb 21 2025,Oklahoma City Thunder,130,Utah Jazz,107
Fri Feb 21 2025,Golden State Warriors,132,Sacramento Kings,108
Sat Feb 22 2025,Phoenix Suns,121,Chicago Bulls,117
Sat Feb 22 2025,Brooklyn Nets,105,Philadelphia 76ers,103
Sat Feb 22 2025,Los Angeles Lakers,123,Denver Nuggets,100
Sat Feb 22 2025,Houston Rockets,115,Utah Jazz,124
Sat Feb 22 2025,Charlotte Hornets,88,Portland Trail Blazers,141
Sun Feb 23 2025,New York Knicks,105,Boston Celtics,118
Sun Feb 23 2025,Dallas Mavericks,102,Golden State Warriors,126
Sun Feb 23 2025,Los Angeles Clippers,111,Indiana Pacers,129
Sun Feb 23 2025,Detroit Pistons,148,Atlanta Hawks,143
Sun Feb 23 2025,Miami Heat,113,Milwaukee Bucks,120
Sun Feb 23 2025,Washington Wizards,90,Orlando Magic,110
Sun Feb 23 2025,Phoenix Suns,109,Toronto Raptors,127
Sun Feb 23 2025,Memphis Grizzlies,123,Cleveland Cavaliers,129
Sun Feb 23 2025,San Antonio Spurs,96,New Orleans Pelicans,114
Sun Feb 23 2025,Oklahoma City Thunder,130,Minnesota Timberwolves,123
Mon Feb 24 2025,Los Angeles Clippers,97,Detroit Pistons,106
Mon Feb 24 2025,Denver Nuggets,125,Indiana Pacers,116
Mon Feb 24 2025,Chicago Bulls,142,Philadelphia 76ers,110
Mon Feb 24 2025,Brooklyn Nets,99,Washington Wizards,107
Mon Feb 24 2025,Miami Heat,86,Atlanta Hawks,98
Mon Feb 24 2025,Minnesota Timberwolves,131,Oklahoma City Thunder,128
Mon Feb 24 2025,Portland Trail Blazers,114,Utah Jazz,112
Mon Feb 24 2025,Charlotte Hornets,88,Sacramento Kings,130
Tue Feb 25 2025,Boston Celtics,111,Toronto Raptors,101
Tue Feb 25 2025,Cleveland Cavaliers,122,Orlando Magic,82
Tue Feb 25 2025,Milwaukee Bucks,97,Houston Rockets,100
Tue Feb 25 2025,Phoenix Suns,148,Memphis Grizzlies,151
Tue Feb 25 2025,San Antonio Spurs,103,New Orleans Pelicans,109
Tue Feb 25 2025,Charlotte Hornets,92,Golden State Warriors,128
Tue Feb 25 2025,Dallas Mavericks,99,Los Angeles Lakers,107
Wed Feb 26 2025,Boston Celtics,97,Detroit Pistons,117
Wed Feb 26 2025,Toronto Raptors,91,Indiana Pacers,111
Wed Feb 26 2025,Philadelphia 76ers,105,New York Knicks,110
Wed Feb 26 2025,Portland Trail Blazers,129,Washington Wizards,121
Wed Feb 26 2025,Oklahoma City Thunder,129,Brooklyn Nets,121
Wed Feb 26 2025,Atlanta Hawks,109,Miami Heat,131
Wed Feb 26 2025,Los Angeles Clippers,122,Chicago Bulls,117
Wed Feb 26 2025,Sacramento Kings,118,Utah Jazz,101
Wed Feb 26 2025,San Antonio Spurs,106,Houston Rockets,118
Thu Feb 27 2025,Golden State Warriors,121,Orlando Magic,115
Thu Feb 27 2025,Denver Nuggets,112,Milwaukee Bucks,121
Thu Feb 27 2025,Charlotte Hornets,96,Dallas Mavericks,103
Thu Feb 27 2025,New Orleans Pelicans,124,Phoenix Suns,116
Thu Feb 27 2025,Minnesota Timberwolves,102,Los Angeles Lakers,111
Fri Feb 28 2025,Denver Nuggets,134,Detroit Pistons,119
Fri Feb 28 2025,Oklahoma City Thunder,135,Atlanta Hawks,119
Fri Feb 28 2025,Cleveland Cavaliers,123,Boston Celtics,116
Fri Feb 28 2025,Portland Trail Blazers,121,Brooklyn Nets,102
Fri Feb 28 2025,Toronto Raptors,115,Chicago Bulls,125
Fri Feb 28 2025,New York Knicks,114,Memphis Grizzlies,113
Fri Feb 28 2025,Indiana Pacers,120,Miami Heat,125
Fri Feb 28 2025,New Orleans Pelicans,108,Phoenix Suns,125
Fri Feb 28 2025,Minnesota Timberwolves,116,Utah Jazz,117
Fri Feb 28 2025,Los Angeles Clippers,102,Los Angeles Lakers,106
Sat Mar 1 2025,Washington Wizards,113,Charlotte Hornets,100
Sat Mar 1 2025,Brooklyn Nets,94,Detroit Pistons,115
Sat Mar 1 2025,Sacramento Kings,113,Houston Rockets,103
Sat Mar 1 2025,San Antonio Spurs,130,Memphis Grizzlies,128
Sat Mar 1 2025,Milwaukee Bucks,132,Dallas Mavericks,117
Sat Mar 1 2025,Golden State Warriors,119,Philadelphia 76ers,126
Sun Mar 2 2025,Denver Nuggets,103,Boston Celtics,110
Sun Mar 2 2025,Portland Trail Blazers,129,Cleveland Cavaliers,133
Sun Mar 2 2025,Chicago Bulls,112,Indiana Pacers,127
Sun Mar 2 2025,New York Knicks,116,Miami Heat,112
Sun Mar 2 2025,Toronto Raptors,104,Orlando Magic,102
Sun Mar 2 2025,Oklahoma City Thunder,146,San Antonio Spurs,132
Sun Mar 2 2025,New Orleans Pelicans,128,Utah Jazz,121
Sun Mar 2 2025,Los Angeles Clippers,102,Los Angeles Lakers,108
Sun Mar 2 2025,Minnesota Timberwolves,116,Phoenix Suns,98
Mon Mar 3 2025,Golden State Warriors,119,Charlotte Hornets,101
Mon Mar 3 2025,Portland Trail Blazers,119,Philadelphia 76ers,102
Mon Mar 3 2025,Washington Wizards,90,Miami Heat,106
Mon Mar 3 2025,Atlanta Hawks,132,Memphis Grizzlies,130
Mon Mar 3 2025,Houston Rockets,128,Oklahoma City Thunder,137
Mon Mar 3 2025,Sacramento Kings,122,Dallas Mavericks,98
Mon Mar 3 2025,Detroit Pistons,134,Utah Jazz,106
Tue Mar 4 2025,Houston Rockets,102,Indiana Pacers,115
Tue Mar 4 2025,Toronto Raptors,114,Orlando Magic,113
Tue Mar 4 2025,Milwaukee Bucks,127,Atlanta Hawks,121
Tue Mar 4 2025,Golden State Warriors,114,New York Knicks,102
Tue Mar 4 2025,Cleveland Cavaliers,139,Chicago Bulls,117
Tue Mar 4 2025,Philadelphia 76ers,112,Minnesota Timberwolves,126
Tue Mar 4 2025,Brooklyn Nets,113,San Antonio Spurs,127
Tue Mar 4 2025,Los Angeles Clippers,117,Phoenix Suns,119
Tue Mar 4 2025,New Orleans Pelicans,115,Los Angeles Lakers,136
Wed Mar 5 2025,Portland Trail Blazers,118,Boston Celtics,128
Wed Mar 5 2025,Minnesota Timberwolves,125,Charlotte Hornets,110
Wed Mar 5 2025,Miami Heat,107,Cleveland Cavaliers,112
Wed Mar 5 2025,Utah Jazz,122,Washington Wizards,125
Wed Mar 5 2025,Dallas Mavericks,107,Milwaukee Bucks,137
Wed Mar 5 2025,Sacramento Kings,110,Denver Nuggets,116
Wed Mar 5 2025,Oklahoma City Thunder,120,Memphis Grizzlies,103
Wed Mar 5 2025,Detroit Pistons,115,Los Angeles Clippers,123
Thu Mar 6 2025,Chicago Bulls,125,Orlando Magic,123
Thu Mar 6 2025,Indiana Pacers,118,Atlanta Hawks,124
Thu Mar 6 2025,Philadelphia 76ers,105,Boston Celtics,123
Thu Mar 6 2025,Golden State Warriors,121,Brooklyn Nets,119
Thu Mar 6 2025,Houston Rockets,109,New Orleans Pelicans,97
Thu Mar 6 2025,New York Knicks,109,Los Angeles Lakers,113
Fri Mar 7 2025,Cleveland Cavaliers,118,Charlotte Hornets,117
Fri Mar 7 2025,Memphis Grizzlies,122,Dallas Mavericks,111
Fri Mar 7 2025,Utah Jazz,109,Toronto Raptors,118
Fri Mar 7 2025,Minnesota Timberwolves,106,Miami Heat,104
Fri Mar 7 2025,Portland Trail Blazers,89,Oklahoma City Thunder,107
Fri Mar 7 2025,Phoenix Suns,141,Denver Nuggets,149
Fri Mar 7 2025,San Antonio Spurs,109,Sacramento Kings,127
Fri Mar 7 2025,New York Knicks,95,Los Angeles Clippers,105
Sat Mar 8 2025,Brooklyn Nets,102,Charlotte Hornets,105
Sat Mar 8 2025,New Orleans Pelicans,117,Houston Rockets,146
Sat Mar 8 2025,Indiana Pacers,118,Atlanta Hawks,120
Sat Mar 8 2025,Washington Wizards,118,Toronto Raptors,117
Sat Mar 8 2025,Chicago Bulls,114,Miami Heat,109
Sat Mar 8 2025,Orlando Magic,111,Milwaukee Bucks,109
Sat Mar 8 2025,Los Angeles Lakers,101,Boston Celtics,111
Sat Mar 8 2025,Detroit Pistons,110,Golden State Warriors,115
Sun Mar 9 2025,Denver Nuggets,103,Oklahoma City Thunder,127
Sun Mar 9 2025,Phoenix Suns,125,Dallas Mavericks,116
Sun Mar 9 2025,Memphis Grizzlies,107,New Orleans Pelicans,104
Sun Mar 9 2025,Utah Jazz,122,Philadelphia 76ers,126
Sun Mar 9 2025,Cleveland Cavaliers,112,Milwaukee Bucks,100
Sun Mar 9 2025,San Antonio Spurs,124,Minnesota Timberwolves,141
Sun Mar 9 2025,Detroit Pistons,119,Portland Trail Blazers,112
Sun Mar 9 2025,Sacramento Kings,110,Los Angeles Clippers,111
Mon Mar 10 2025,Philadelphia 76ers,123,Atlanta Hawks,132
Mon Mar 10 2025,Utah Jazz,108,Boston Celtics,114
Mon Mar 10 2025,Los Angeles Lakers,108,Brooklyn Nets,111
Mon Mar 10 2025,Charlotte Hornets,105,Miami Heat,102
Mon Mar 10 2025,Washington Wizards,104,Toronto Raptors,119
Mon Mar 10 2025,Indiana Pacers,103,Chicago Bulls,121
Mon Mar 10 2025,Orlando Magic,84,Houston Rockets,97
Mon Mar 10 2025,Phoenix Suns,118,Memphis Grizzlies,120
Mon Mar 10 2025,Denver Nuggets,140,Oklahoma City Thunder,127
Mon Mar 10 2025,Dallas Mavericks,133,San Antonio Spurs,129
Mon Mar 10 2025,Portland Trail Blazers,120,Golden State Warriors,130
Mon Mar 10 2025,New York Knicks,133,Sacramento Kings,104
Tue Mar 11 2025,Brooklyn Nets,104,Cleveland Cavaliers,109
Tue Mar 11 2025,Washington Wizards,103,Detroit Pistons,123
Tue Mar 11 2025,Milwaukee Bucks,114,Indiana Pacers,115
Tue Mar 11 2025,Los Angeles Clippers,120,New Orleans Pelicans,127
Wed Mar 12 2025,Charlotte Hornets,110,Atlanta Hawks,123
Wed Mar 12 2025,Oklahoma City Thunder,118,Boston Celtics,112
Wed Mar 12 2025,Philadelphia 76ers,105,Toronto Raptors,118
Wed Mar 12 2025,Phoenix Suns,104,Houston Rockets,111
Wed Mar 12 2025,Utah Jazz,115,Memphis Grizzlies,122
Wed Mar 12 2025,Los Angeles Clippers,119,Miami Heat,104
Wed Mar 12 2025,Dallas Mavericks,116,San Antonio Spurs,126
Wed Mar 12 2025,Minnesota Timberwolves,115,Denver Nuggets,95
Wed Mar 12 2025,New York Knicks,114,Portland Trail Blazers,113
Thu Mar 13 2025,Washington Wizards,129,Detroit Pistons,125
Thu Mar 13 2025,Los Angeles Lakers,106,Milwaukee Bucks,126
Thu Mar 13 2025,Brooklyn Nets,110,Chicago Bulls,116
Thu Mar 13 2025,Orlando Magic,113,New Orleans Pelicans,93
Thu Mar 13 2025,Sacramento Kings,104,Golden State Warriors,130
Fri Mar 14 2025,Boston Celtics,103,Miami Heat,91
Fri Mar 14 2025,Indiana Pacers,112,Philadelphia 76ers,100
Fri Mar 14 2025,Los Angeles Clippers,121,Atlanta Hawks,98
Fri Mar 14 2025,Dallas Mavericks,96,Houston Rockets,133
Fri Mar 14 2025,Cleveland Cavaliers,133,Memphis Grizzlies,124
Fri Mar 14 2025,Orlando Magic,111,Minnesota Timberwolves,118
Fri Mar 14 2025,Charlotte Hornets,145,San Antonio Spurs,134
Fri Mar 14 2025,Los Angeles Lakers,126,Denver Nuggets,131
Fri Mar 14 2025,Toronto Raptors,126,Utah Jazz,118
Fri Mar 14 2025,Sacramento Kings,106,Phoenix Suns,122
Sat Mar 15 2025,Boston Celtics,115,Brooklyn Nets,113
Sat Mar 15 2025,Oklahoma City Thunder,113,Detroit Pistons,107
Sat Mar 15 2025,Chicago Bulls,114,Houston Rockets,117
Sat Mar 15 2025,Miami Heat,91,Memphis Grizzlies,125
Sat Mar 15 2025,Indiana Pacers,119,Milwaukee Bucks,126
Sat Mar 15 2025,New York Knicks,94,Golden State Warriors,97
Sat Mar 15 2025,New Orleans Pelicans,115,San Antonio Spurs,119
Sat Mar 15 2025,Washington Wizards,126,Denver Nuggets,123
Sun Mar 16 2025,Orlando Magic,108,Cleveland Cavaliers,103
Sun Mar 16 2025,Philadelphia 76ers,130,Dallas Mavericks,125
Sun Mar 16 2025,Phoenix Suns,96,Los Angeles Lakers,107
Sun Mar 16 2025,Atlanta Hawks,114,Brooklyn Nets,122
Sun Mar 16 2025,Toronto Raptors,102,Portland Trail Blazers,105
Sun Mar 16 2025,Charlotte Hornets,88,Los Angeles Clippers,123
Sun Mar 16 2025,Utah Jazz,102,Minnesota Timberwolves,128
Sun Mar 16 2025,Oklahoma City Thunder,121,Milwaukee Bucks,105
Mon Mar 17 2025,Miami Heat,95,New York Knicks,116
Mon Mar 17 2025,Philadelphia 76ers,137,Houston Rockets,144
Mon Mar 17 2025,Indiana Pacers,132,Minnesota Timberwolves,130
Mon Mar 17 2025,Detroit Pistons,127,New Orleans Pelicans,81
Mon Mar 17 2025,Chicago Bulls,111,Utah Jazz,97
Mon Mar 17 2025,Denver Nuggets,114,Golden State Warriors,105
Mon Mar 17 2025,Toronto Raptors,89,Phoenix Suns,129
Mon Mar 17 2025,Washington Wizards,97,Portland Trail Blazers,112
Mon Mar 17 2025,Memphis Grizzlies,122,Sacramento Kings,132
Mon Mar 17 2025,San Antonio Spurs,109,Los Angeles Lakers,125
Tue Mar 18 2025,Atlanta Hawks,134,Charlotte Hornets,102
Tue Mar 18 2025,Brooklyn Nets,96,Boston Celtics,104
Tue Mar 18 2025,Milwaukee Bucks,93,Golden State Warriors,104
Tue Mar 18 2025,Cleveland Cavaliers,119,Los Angeles Clippers,132
Wed Mar 19 2025,Dallas Mavericks,131,Indiana Pacers,135
Wed Mar 19 2025,Houston Rockets,116,Orlando Magic,108
Wed Mar 19 2025,Detroit Pistons,116,Miami Heat,113
Wed Mar 19 2025,New Orleans Pelicans,119,Minnesota Timberwolves,115
Wed Mar 19 2025,Philadelphia 76ers,100,Oklahoma City Thunder,133
Wed Mar 19 2025,New York Knicks,105,San Antonio Spurs,120
Wed Mar 19 2025,Washington Wizards,112,Utah Jazz,128
Wed Mar 19 2025,Denver Nuggets,108,Los Angeles Lakers,120
Wed Mar 19 2025,Chicago Bulls,121,Phoenix Suns,127
Wed Mar 19 2025,Memphis Grizzlies,99,Portland Trail Blazers,115
Wed Mar 19 2025,Cleveland Cavaliers,119,Sacramento Kings,123
Thu Mar 20 2025,New York Knicks,98,Charlotte Hornets,115
Thu Mar 20 2025,Brooklyn Nets,99,Indiana Pacers,105
Thu Mar 20 2025,Toronto Raptors,114,Golden State Warriors,117
Thu Mar 20 2025,Chicago Bulls,128,Sacramento Kings,116
Thu Mar 20 2025,Milwaukee Bucks,118,Los Angeles Lakers,89
Fri Mar 21 2025,Orlando Magic,120,Washington Wizards,105
Fri Mar 21 2025,Houston Rockets,102,Miami Heat,98
Fri Mar 21 2025,New Orleans Pelicans,93,Minnesota Timberwolves,134
Fri Mar 21 2025,Charlotte Hornets,106,Oklahoma City Thunder,141
Fri Mar 21 2025,Philadelphia 76ers,120,San Antonio Spurs,128
Fri Mar 21 2025,Detroit Pistons,117,Dallas Mavericks,123
Fri Mar 21 2025,Boston Celtics,121,Utah Jazz,99
Fri Mar 21 2025,Cleveland Cavaliers,112,Phoenix Suns,123
Fri Mar 21 2025,Denver Nuggets,109,Portland Trail Blazers,128
Fri Mar 21 2025,Memphis Grizzlies,108,Los Angeles Clippers,128
Sat Mar 22 2025,Brooklyn Nets,103,Indiana Pacers,108
Sat Mar 22 2025,Golden State Warriors,115,Atlanta Hawks,124
Sat Mar 22 2025,Washington Wizards,103,New York Knicks,122
Sat Mar 22 2025,Milwaukee Bucks,114,Sacramento Kings,108
Sat Mar 22 2025,Chicago Bulls,146,Los Angeles Lakers,115
Sun Mar 23 2025,New Orleans Pelicans,130,Detroit Pistons,136
Sun Mar 23 2025,Cleveland Cavaliers,120,Utah Jazz,91
Sun Mar 23 2025,Philadelphia 76ers,119,Atlanta Hawks,132
Sun Mar 23 2025,Charlotte Hornets,105,Miami Heat,122
Sun Mar 23 2025,Boston Celtics,129,Portland Trail Blazers,116
Sun Mar 23 2025,San Antonio Spurs,123,Toronto Raptors,89
Sun Mar 23 2025,Denver Nuggets,116,Houston Rockets,111
Sun Mar 23 2025,Oklahoma City Thunder,103,Los Angeles Clippers,101
Mon Mar 24 2025,Minnesota Timberwolves,103,Indiana Pacers,119
Mon Mar 24 2025,Los Angeles Lakers,106,Orlando Magic,118
Mon Mar 24 2025,Toronto Raptors,112,Washington Wizards,104
Mon Mar 24 2025,Dallas Mavericks,120,Brooklyn Nets,101
Mon Mar 24 2025,Philadelphia 76ers,99,New Orleans Pelicans,112
Mon Mar 24 2025,Chicago Bulls,129,Denver Nuggets,119
Mon Mar 24 2025,Milwaukee Bucks,106,Phoenix Suns,108
Mon Mar 24 2025,Boston Celtics,113,Sacramento Kings,95
Tue Mar 25 2025,Orlando Magic,111,Charlotte Hornets,104
Tue Mar 25 2025,San Antonio Spurs,96,Detroit Pistons,122
Tue Mar 25 2025,Golden State Warriors,86,Miami Heat,112
Tue Mar 25 2025,Dallas Mavericks,113,New York Knicks,128
Tue Mar 25 2025,Atlanta Hawks,114,Houston Rockets,121
Tue Mar 25 2025,Memphis Grizzlies,140,Utah Jazz,103
Tue Mar 25 2025,Cleveland Cavaliers,122,Portland Trail Blazers,111
Tue Mar 25 2025,Oklahoma City Thunder,121,Sacramento Kings,105
Wed Mar 26 2025,Washington Wizards,119,Philadelphia 76ers,114
Wed Mar 26 2025,Toronto Raptors,116,Brooklyn Nets,86
Wed Mar 26 2025,Los Angeles Lakers,120,Indiana Pacers,119
Wed Mar 26 2025,Los Angeles Clippers,126,New York Knicks,113
Wed Mar 26 2025,Milwaukee Bucks,117,Denver Nuggets,127
Wed Mar 26 2025,Boston Celtics,132,Phoenix Suns,102
Thu Mar 27 2025,San Antonio Spurs,116,Cleveland Cavaliers,124
Thu Mar 27 2025,Dallas Mavericks,101,Orlando Magic,92
Thu Mar 27 2025,Indiana Pacers,162,Washington Wizards,109
Thu Mar 27 2025,Atlanta Hawks,112,Miami Heat,122
Thu Mar 27 2025,Los Angeles Lakers,117,Chicago Bulls,119
Thu Mar 27 2025,Memphis Grizzlies,104,Oklahoma City Thunder,125
Thu Mar 27 2025,Houston Rockets,121,Utah Jazz,110
Thu Mar 27 2025,Portland Trail Blazers,107,Sacramento Kings,128
Fri Mar 28 2025,Cleveland Cavaliers,122,Detroit Pistons,133
Fri Mar 28 2025,Los Angeles Clippers,132,Brooklyn Nets,100
Fri Mar 28 2025,Charlotte Hornets,97,Toronto Raptors,108
Fri Mar 28 2025,New York Knicks,116,Milwaukee Bucks,107
Fri Mar 28 2025,Phoenix Suns,109,Minnesota Timberwolves,124
Fri Mar 28 2025,Golden State Warriors,111,New Orleans Pelicans,95
Fri Mar 28 2025,Utah Jazz,93,Denver Nuggets,129
Sat Mar 29 2025,Sacramento Kings,91,Orlando Magic,121
Sat Mar 29 2025,Brooklyn Nets,115,Washington Wizards,112
Sat Mar 29 2025,Miami Heat,118,Philadelphia 76ers,95
Sat Mar 29 2025,Dallas Mavericks,120,Chicago Bulls,119
Sat Mar 29 2025,Los Angeles Lakers,134,Memphis Grizzlies,127
Sat Mar 29 2025,Indiana Pacers,111,Oklahoma City Thunder,132
Sat Mar 29 2025,Boston Celtics,121,San Antonio Spurs,111
Sun Mar 30 2025,Los Angeles Clippers,122,Cleveland Cavaliers,127
Sun Mar 30 2025,Portland Trail Blazers,93,New York Knicks,110
Sun Mar 30 2025,Atlanta Hawks,145,Milwaukee Bucks,124
Sun Mar 30 2025,Detroit Pistons,104,Minnesota Timberwolves,123
Sun Mar 30 2025,Charlotte Hornets,94,New Orleans Pelicans,98
Sun Mar 30 2025,Golden State Warriors,148,San Antonio Spurs,106
Sun Mar 30 2025,Toronto Raptors,127,Philadelphia 76ers,109
Sun Mar 30 2025,Houston Rockets,148,Phoenix Suns,109
Mon Mar 31 2025,Utah Jazz,106,Charlotte Hornets,110
Mon Mar 31 2025,Sacramento Kings,109,Indiana Pacers,111
Mon Mar 31 2025,Los Angeles Clippers,96,Orlando Magic,87
Mon Mar 31 2025,Miami Heat,120,Washington Wizards,94
Mon Mar 31 2025,Boston Celtics,117,Memphis Grizzlies,103
Mon Mar 31 2025,Chicago Bulls,117,Oklahoma City Thunder,145
Mon Mar 31 2025,Brooklyn Nets,113,Dallas Mavericks,109
Mon Mar 31 2025,Houston Rockets,98,Los Angeles Lakers,104
