date,home_team,away_team,home_score,away_score,neutral,overtime,game_id,sport,season,notes,game_id_pred,p_home_win,pred_margin,pred_total,model_id,home_win,actual_margin
2024-10-23,Detroit Pistons,Indiana Pacers,109,115,False,False,2024-10-23|Indiana Pacers|Detroit Pistons,,,,2024-10-23|Indiana Pacers|Detroit Pistons,0.9334356000352556,2.64070207339137,,bradley_terry_hfa,0.0,-6
2024-10-23,Atlanta Hawks,Brooklyn Nets,120,116,False,False,2024-10-23|Brooklyn Nets|Atlanta Hawks,,,,2024-10-23|Brooklyn Nets|Atlanta Hawks,0.9334356000352556,2.64070207339137,,bradley_terry_hfa,1.0,4
2024-10-23,Miami Heat,Orlando Magic,97,116,False,False,2024-10-23|Orlando Magic|Miami Heat,,,,2024-10-23|Orlando Magic|Miami Heat,0.9334356000352556,2.64070207339137,,bradley_terry_hfa,0.0,-19
2024-10-23,Philadelphia 76ers,Milwaukee Bucks,109,124,False,False,2024-10-23|Milwaukee Bucks|Philadelphia 76ers,,,,2024-10-23|Milwaukee Bucks|Philadelphia 76ers,0.9334356000352556,2.64070207339137,,bradley_terry_hfa,0.0,-15
2024-10-23,Toronto Raptors,Cleveland Cavaliers,106,136,False,False,2024-10-23|Cleveland Cavaliers|Toronto Raptors,,,,2024-10-23|Cleveland Cavaliers|Toronto Raptors,0.9334356000352556,2.64070207339137,,bradley_terry_hfa,0.0,-30
2024-10-23,Houston Rockets,Charlotte Hornets,105,110,False,False,2024-10-23|Charlotte Hornets|Houston Rockets,,,,2024-10-23|Charlotte Hornets|Houston Rockets,0.9334356000352556,2.64070207339137,,bradley_terry_hfa,0.0,-5
2024-10-23,New Orleans Pelicans,Chicago Bulls,123,111,False,False,2024-10-23|Chicago Bulls|New Orleans Pelicans,,,,2024-10-23|Chicago Bulls|New Orleans Pelicans,0.9334356000352556,2.64070207339137,,bradley_terry_hfa,1.0,12
2024-10-23,Utah Jazz,Memphis Grizzlies,124,126,False,False,2024-10-23|Memphis Grizzlies|Utah Jazz,,,,2024-10-23|Memphis Grizzlies|Utah Jazz,0.9334356000352556,2.64070207339137,,bradley_terry_hfa,0.0,-2
2024-10-23,Los Angeles Clippers,Phoenix Suns,113,116,False,False,2024-10-23|Phoenix Suns|Los Angeles Clippers,,,,2024-10-23|Phoenix Suns|Los Angeles Clippers,0.9334356000352556,2.64070207339137,,bradley_terry_hfa,0.0,-3
2024-10-23,Portland Trail Blazers,Golden State Warriors,104,140,False,False,2024-10-23|Golden State Warriors|Portland Trail Blazers,,,,2024-10-23|Golden State Warriors|Portland Trail Blazers,0.9334356000352556,2.64070207339137,,bradley_terry_hfa,0.0,-36
2024-10-24,Washington Wizards,Boston Celtics,102,122,False,False,2024-10-24|Boston Celtics|Washington Wizards,,,,2024-10-24|Boston Celtics|Washington Wizards,0.010785271595664633,-4.518729962497428,,bradley_terry_hfa,0.0,-20
2024-10-24,Dallas Mavericks,San Antonio Spurs,120,109,False,False,2024-10-24|San Antonio Spurs|Dallas Mavericks,,,,2024-10-24|San Antonio Spurs|Dallas Mavericks,0.17173328248963995,-1.5733926350518568,,bradley_terry_hfa,1.0,11
2024-10-24,Sacramento Kings,Minnesota Timberwolves,115,117,False,False,2024-10-24|Minnesota Timberwolves|Sacramento Kings,,,,2024-10-24|Minnesota Timberwolves|Sacramento Kings,0.797694166185023,1.3719446923937142,,bradley_terry_hfa,0.0,-2
2024-10-24,Denver Nuggets,Oklahoma City Thunder,87,102,False,False,2024-10-24|Oklahoma City Thunder|Denver Nuggets,,,,2024-10-24|Oklahoma City Thunder|Denver Nuggets,0.17173328248963995,-1.5733926350518568,,bradley_terry_hfa,0.0,-15
2024-10-25,Orlando Magic,Brooklyn Nets,116,101,False,False,2024-10-25|Brooklyn Nets|Orlando Magic,,,,2024-10-25|Brooklyn Nets|Orlando Magic,0.9419000493744859,2.785734350210392,,bradley_terry_hfa,1.0,15
2024-10-25,Toronto Raptors,Philadelphia 76ers,115,107,False,False,2024-10-25|Philadelphia 76ers|Toronto Raptors,,,,2024-10-25|Philadelphia 76ers|Toronto Raptors,0.13663549755513243,-1.8435201902424383,,bradley_terry_hfa,1.0,8
2024-10-25,Atlanta Hawks,Charlotte Hornets,125,120,False,False,2024-10-25|Charlotte Hornets|Atlanta Hawks,,,,2024-10-25|Charlotte Hornets|Atlanta Hawks,0.4150987225469681,-0.3429266989045967,,bradley_terry_hfa,1.0,5
2024-10-25,Cleveland Cavaliers,Detroit Pistons,113,101,False,False,2024-10-25|Detroit Pistons|Cleveland Cavaliers,,,,2024-10-25|Detroit Pistons|Cleveland Cavaliers,0.7833235936014431,1.2851408588725508,,bradley_terry_hfa,1.0,12
2024-10-25,New York Knicks,Indiana Pacers,123,98,False,False,2024-10-25|Indiana Pacers|New York Knicks,,,,2024-10-25|Indiana Pacers|New York Knicks,0.002212102342576187,-6.111597376749715,,bradley_terry_hfa,1.0,25
2024-10-25,Houston Rockets,Memphis Grizzlies,128,108,False,False,2024-10-25|Memphis Grizzlies|Houston Rockets,,,,2024-10-25|Memphis Grizzlies|Houston Rockets,0.006880352652157367,-4.972181239357427,,bradley_terry_hfa,1.0,20
2024-10-25,Milwaukee Bucks,Chicago Bulls,122,133,False,False,2024-10-25|Chicago Bulls|Milwaukee Bucks,,,,2024-10-25|Chicago Bulls|Milwaukee Bucks,0.9419000493744859,2.785734350210392,,bradley_terry_hfa,0.0,-11
2024-10-25,Utah Jazz,Golden State Warriors,86,127,False,False,2024-10-25|Golden State Warriors|Utah Jazz,,,,2024-10-25|Golden State Warriors|Utah Jazz,0.006880352652157367,-4.972181239357427,,bradley_terry_hfa,0.0,-41
2024-10-25,Los Angeles Lakers,Phoenix Suns,123,116,False,False,2024-10-25|Phoenix Suns|Los Angeles Lakers,,,,2024-10-25|Phoenix Suns|Los Angeles Lakers,0.7375584596045953,1.0333169983589354,,bradley_terry_hfa,1.0,7
2024-10-25,Portland Trail Blazers,New Orleans Pelicans,103,105,False,False,2024-10-25|New Orleans Pelicans|Portland Trail Blazers,,,,2024-10-25|New Orleans Pelicans|Portland Trail Blazers,0.0015425498708548694,-6.472774730695269,,bradley_terry_hfa,0.0,-2
2024-10-26,Denver Nuggets,Los Angeles Clippers,104,109,False,False,2024-10-26|Los Angeles Clippers|Denver Nuggets,,,,2024-10-26|Los Angeles Clippers|Denver Nuggets,0.6546937843531834,0.6397360165677846,,bradley_terry_hfa,0.0,-5
2024-10-26,Washington Wizards,Cleveland Cavaliers,116,135,False,False,2024-10-26|Cleveland Cavaliers|Washington Wizards,,,,2024-10-26|Cleveland Cavaliers|Washington Wizards,0.007281206003628639,-4.915150927290289,,bradley_terry_hfa,0.0,-19
2024-10-26,Detroit Pistons,Boston Celtics,118,124,False,False,2024-10-26|Boston Celtics|Detroit Pistons,,,,2024-10-26|Boston Celtics|Detroit Pistons,1.7085731395716605e-05,-10.977249778204659,,bradley_terry_hfa,0.0,-6
2024-10-26,Charlotte Hornets,Miami Heat,106,114,False,False,2024-10-26|Miami Heat|Charlotte Hornets,,,,2024-10-26|Miami Heat|Charlotte Hornets,0.9750802194272252,3.6668578553343236,,bradley_terry_hfa,0.0,-8
2024-10-26,Memphis Grizzlies,Orlando Magic,124,111,False,False,2024-10-26|Orlando Magic|Memphis Grizzlies,,,,2024-10-26|Orlando Magic|Memphis Grizzlies,0.0015487438222187067,-6.46876116954542,,bradley_terry_hfa,1.0,13
2024-10-26,Minnesota Timberwolves,Toronto Raptors,112,101,False,False,2024-10-26|Toronto Raptors|Minnesota Timberwolves,,,,2024-10-26|Toronto Raptors|Minnesota Timberwolves,0.6038392923358683,0.4214881338762182,,bradley_terry_hfa,1.0,11
2024-10-26,Chicago Bulls,Oklahoma City Thunder,95,114,False,False,2024-10-26|Oklahoma City Thunder|Chicago Bulls,,,,2024-10-26|Oklahoma City Thunder|Chicago Bulls,0.16705235954239916,-1.606663490127326,,bradley_terry_hfa,0.0,-19
2024-10-26,San Antonio Spurs,Houston Rockets,109,106,False,False,2024-10-26|Houston Rockets|San Antonio Spurs,,,,2024-10-26|Houston Rockets|San Antonio Spurs,0.04375595429531112,-3.0843854566856623,,bradley_terry_hfa,1.0,3
2024-10-26,Phoenix Suns,Dallas Mavericks,114,102,False,False,2024-10-26|Dallas Mavericks|Phoenix Suns,,,,2024-10-26|Dallas Mavericks|Phoenix Suns,0.08575021652121637,-2.366665209128507,,bradley_terry_hfa,1.0,12
2024-10-26,Los Angeles Lakers,Sacramento Kings,131,127,False,False,2024-10-26|Sacramento Kings|Los Angeles Lakers,,,,2024-10-26|Sacramento Kings|Los Angeles Lakers,0.999684533609625,8.061142893626894,,bradley_terry_hfa,1.0,4
2024-10-27,Indiana Pacers,Philadelphia 76ers,114,118,False,False,2024-10-27|Philadelphia 76ers|Indiana Pacers,,,,2024-10-27|Philadelphia 76ers|Indiana Pacers,0.9963271097645058,5.603096744888965,,bradley_terry_hfa,0.0,-4
2024-10-27,Portland Trail Blazers,New Orleans Pelicans,125,103,False,False,2024-10-27|New Orleans Pelicans|Portland Trail Blazers,,,,2024-10-27|New Orleans Pelicans|Portland Trail Blazers,0.0015178771203848832,-6.488923521385354,,bradley_terry_hfa,1.0,22
2024-10-27,Brooklyn Nets,Milwaukee Bucks,115,102,False,False,2024-10-27|Milwaukee Bucks|Brooklyn Nets,,,,2024-10-27|Milwaukee Bucks|Brooklyn Nets,0.3501426214561826,-0.6184123598324027,,bradley_terry_hfa,1.0,13
2024-10-27,Oklahoma City Thunder,Atlanta Hawks,128,104,False,False,2024-10-27|Atlanta Hawks|Oklahoma City Thunder,,,,2024-10-27|Atlanta Hawks|Oklahoma City Thunder,0.8478477920558238,1.7178197413158176,,bradley_terry_hfa,1.0,24
2024-10-27,Golden State Warriors,Los Angeles Clippers,104,112,False,False,2024-10-27|Los Angeles Clippers|Golden State Warriors,,,,2024-10-27|Los Angeles Clippers|Golden State Warriors,0.9413583946951277,2.775879500051951,,bradley_terry_hfa,0.0,-8
2024-10-28,Orlando Magic,Indiana Pacers,119,115,False,False,2024-10-28|Indiana Pacers|Orlando Magic,,,,2024-10-28|Indiana Pacers|Orlando Magic,0.999145803561832,7.064494807880754,,bradley_terry_hfa,1.0,4
2024-10-28,Atlanta Hawks,Washington Wizards,119,121,False,False,2024-10-28|Washington Wizards|Atlanta Hawks,,,,2024-10-28|Washington Wizards|Atlanta Hawks,0.9903358205054361,4.629617883693938,,bradley_terry_hfa,0.0,-2
2024-10-28,Boston Celtics,Milwaukee Bucks,119,108,False,False,2024-10-28|Milwaukee Bucks|Boston Celtics,,,,2024-10-28|Milwaukee Bucks|Boston Celtics,0.9996084669776568,7.84504908814061,,bradley_terry_hfa,1.0,11
2024-10-28,Toronto Raptors,Denver Nuggets,125,127,False,False,2024-10-28|Denver Nuggets|Toronto Raptors,,,,2024-10-28|Denver Nuggets|Toronto Raptors,0.7446609398033763,1.0703366906362468,,bradley_terry_hfa,0.0,-2
2024-10-28,Miami Heat,Detroit Pistons,106,98,False,False,2024-10-28|Detroit Pistons|Miami Heat,,,,2024-10-28|Detroit Pistons|Miami Heat,0.9999016363587891,9.226740953598542,,bradley_terry_hfa,1.0,8
2024-10-28,New York Knicks,Cleveland Cavaliers,104,110,False,False,2024-10-28|Cleveland Cavaliers|New York Knicks,,,,2024-10-28|Cleveland Cavaliers|New York Knicks,0.014857908525537405,-4.1942536019414485,,bradley_terry_hfa,0.0,-6
2024-10-28,San Antonio Spurs,Houston Rockets,101,106,False,False,2024-10-28|Houston Rockets|San Antonio Spurs,,,,2024-10-28|Houston Rockets|San Antonio Spurs,0.8797980665807312,1.9905193043547875,,bradley_terry_hfa,0.0,-5
2024-10-28,Memphis Grizzlies,Chicago Bulls,123,126,False,False,2024-10-28|Chicago Bulls|Memphis Grizzlies,,,,2024-10-28|Chicago Bulls|Memphis Grizzlies,0.8116538835491466,1.4607926823685826,,bradley_terry_hfa,0.0,-3
2024-10-28,Dallas Mavericks,Utah Jazz,110,102,False,False,2024-10-28|Utah Jazz|Dallas Mavericks,,,,2024-10-28|Utah Jazz|Dallas Mavericks,0.9996549618419759,7.971510446383367,,bradley_terry_hfa,1.0,8
2024-10-28,Sacramento Kings,Portland Trail Blazers,111,98,False,False,2024-10-28|Portland Trail Blazers|Sacramento Kings,,,,2024-10-28|Portland Trail Blazers|Sacramento Kings,0.10520463527484443,-2.1406876884860453,,bradley_terry_hfa,1.0,13
2024-10-28,Phoenix Suns,Los Angeles Lakers,109,105,False,False,2024-10-28|Los Angeles Lakers|Phoenix Suns,,,,2024-10-28|Los Angeles Lakers|Phoenix Suns,0.06583036357633075,-2.6525768608946034,,bradley_terry_hfa,1.0,4
2024-10-29,Brooklyn Nets,Denver Nuggets,139,144,False,False,2024-10-29|Denver Nuggets|Brooklyn Nets,,,,2024-10-29|Denver Nuggets|Brooklyn Nets,0.07105353994136343,-2.570617428809718,,bradley_terry_hfa,0.0,-5
2024-10-29,Minnesota Timberwolves,Dallas Mavericks,114,120,False,False,2024-10-29|Dallas Mavericks|Minnesota Timberwolves,,,,2024-10-29|Dallas Mavericks|Minnesota Timberwolves,0.9581935605667026,3.131999422988911,,bradley_terry_hfa,0.0,-6
2024-10-29,Utah Jazz,Sacramento Kings,96,113,False,False,2024-10-29|Sacramento Kings|Utah Jazz,,,,2024-10-29|Sacramento Kings|Utah Jazz,0.0014163027366753801,-6.5582882028334195,,bradley_terry_hfa,0.0,-17
2024-10-29,Golden State Warriors,New Orleans Pelicans,124,106,False,False,2024-10-29|New Orleans Pelicans|Golden State Warriors,,,,2024-10-29|New Orleans Pelicans|Golden State Warriors,0.8742330899012608,1.9389167594648085,,bradley_terry_hfa,1.0,18
2024-10-30,Philadelphia 76ers,Detroit Pistons,95,105,False,False,2024-10-30|Detroit Pistons|Philadelphia 76ers,,,,2024-10-30|Detroit Pistons|Philadelphia 76ers,0.9936105798543987,5.046701838889555,,bradley_terry_hfa,0.0,-10
2024-10-30,Washington Wizards,Atlanta Hawks,133,120,False,False,2024-10-30|Atlanta Hawks|Washington Wizards,,,,2024-10-30|Atlanta Hawks|Washington Wizards,0.9489575743861884,2.922706930322332,,bradley_terry_hfa,1.0,13
2024-10-30,Indiana Pacers,Boston Celtics,135,132,False,False,2024-10-30|Boston Celtics|Indiana Pacers,,,,2024-10-30|Boston Celtics|Indiana Pacers,1.097586300945112e-06,-13.722395963383129,,bradley_terry_hfa,1.0,3
2024-10-30,Cleveland Cavaliers,Los Angeles Lakers,134,110,False,False,2024-10-30|Los Angeles Lakers|Cleveland Cavaliers,,,,2024-10-30|Los Angeles Lakers|Cleveland Cavaliers,0.20692203009558174,-1.3435794834017556,,bradley_terry_hfa,1.0,24
2024-10-30,Charlotte Hornets,Toronto Raptors,138,133,False,False,2024-10-30|Toronto Raptors|Charlotte Hornets,,,,2024-10-30|Toronto Raptors|Charlotte Hornets,0.6626752366833207,0.675238875416615,,bradley_terry_hfa,1.0,5
2024-10-30,Miami Heat,New York Knicks,107,116,False,False,2024-10-30|New York Knicks|Miami Heat,,,,2024-10-30|New York Knicks|Miami Heat,0.32680435146167763,-0.7226743201855328,,bradley_terry_hfa,0.0,-9
2024-10-30,Chicago Bulls,Orlando Magic,102,99,False,False,2024-10-30|Orlando Magic|Chicago Bulls,,,,2024-10-30|Orlando Magic|Chicago Bulls,0.7348261937446915,1.0192485164961922,,bradley_terry_hfa,1.0,3
2024-10-30,Memphis Grizzlies,Brooklyn Nets,106,119,False,False,2024-10-30|Brooklyn Nets|Memphis Grizzlies,,,,2024-10-30|Brooklyn Nets|Memphis Grizzlies,0.7313225126507342,1.0013428277080472,,bradley_terry_hfa,0.0,-13
2024-10-30,Oklahoma City Thunder,San Antonio Spurs,105,93,False,False,2024-10-30|San Antonio Spurs|Oklahoma City Thunder,,,,2024-10-30|San Antonio Spurs|Oklahoma City Thunder,0.9998123730430684,8.580867193487904,,bradley_terry_hfa,1.0,12
2024-10-30,Golden State Warriors,New Orleans Pelicans,104,89,False,False,2024-10-30|New Orleans Pelicans|Golden State Warriors,,,,2024-10-30|New Orleans Pelicans|Golden State Warriors,0.9454891848640036,2.8533033246525323,,bradley_terry_hfa,1.0,15
2024-10-30,Los Angeles Clippers,Portland Trail Blazers,105,106,False,False,2024-10-30|Portland Trail Blazers|Los Angeles Clippers,,,,2024-10-30|Portland Trail Blazers|Los Angeles Clippers,0.9983106204482285,6.381703138422223,,bradley_terry_hfa,0.0,-1
2024-10-31,Memphis Grizzlies,Milwaukee Bucks,122,99,False,False,2024-10-31|Milwaukee Bucks|Memphis Grizzlies,,,,2024-10-31|Milwaukee Bucks|Memphis Grizzlies,0.6537743735993168,0.6356716354792276,,bradley_terry_hfa,1.0,23
2024-10-31,Dallas Mavericks,Houston Rockets,102,108,False,False,2024-10-31|Houston Rockets|Dallas Mavericks,,,,2024-10-31|Houston Rockets|Dallas Mavericks,0.9993739401117909,7.375438267428972,,bradley_terry_hfa,0.0,-6
2024-10-31,Utah Jazz,San Antonio Spurs,88,106,False,False,2024-10-31|San Antonio Spurs|Utah Jazz,,,,2024-10-31|San Antonio Spurs|Utah Jazz,0.02556882080322034,-3.640480222975536,,bradley_terry_hfa,0.0,-18
2024-10-31,Los Angeles Clippers,Phoenix Suns,119,125,False,False,2024-10-31|Phoenix Suns|Los Angeles Clippers,,,,2024-10-31|Phoenix Suns|Los Angeles Clippers,0.011749630767449165,-4.432114259749799,,bradley_terry_hfa,0.0,-6
2024-11-01,Charlotte Hornets,Boston Celtics,109,124,False,False,2024-11-01|Boston Celtics|Charlotte Hornets,,,,2024-11-01|Boston Celtics|Charlotte Hornets,0.15104578120671636,-1.7264222835120502,,bradley_terry_hfa,0.0,-15
2024-11-01,Cleveland Cavaliers,Orlando Magic,120,109,False,False,2024-11-01|Orlando Magic|Cleveland Cavaliers,,,,2024-11-01|Orlando Magic|Cleveland Cavaliers,0.9998996931389827,9.207176148485713,,bradley_terry_hfa,1.0,11
2024-11-01,Detroit Pistons,New York Knicks,98,128,False,False,2024-11-01|New York Knicks|Detroit Pistons,,,,2024-11-01|New York Knicks|Detroit Pistons,0.025706189649638604,-3.634981106189753,,bradley_terry_hfa,0.0,-30
2024-11-01,Atlanta Hawks,Sacramento Kings,115,123,False,False,2024-11-01|Sacramento Kings|Atlanta Hawks,,,,2024-11-01|Sacramento Kings|Atlanta Hawks,0.16894260860639126,-1.593139792316637,,bradley_terry_hfa,0.0,-8
2024-11-01,Brooklyn Nets,Chicago Bulls,120,112,False,False,2024-11-01|Chicago Bulls|Brooklyn Nets,,,,2024-11-01|Chicago Bulls|Brooklyn Nets,0.09828787112354614,-2.216394688328899,,bradley_terry_hfa,1.0,8
2024-11-01,Toronto Raptors,Los Angeles Lakers,125,131,False,False,2024-11-01|Los Angeles Lakers|Toronto Raptors,,,,2024-11-01|Los Angeles Lakers|Toronto Raptors,0.0002416488589286456,-8.327783203623836,,bradley_terry_hfa,0.0,-6
2024-11-01,New Orleans Pelicans,Indiana Pacers,125,118,False,False,2024-11-01|Indiana Pacers|New Orleans Pelicans,,,,2024-11-01|Indiana Pacers|New Orleans Pelicans,0.9501666837999453,2.947953665484434,,bradley_terry_hfa,1.0,7
2024-11-01,Minnesota Timberwolves,Denver Nuggets,119,116,False,False,2024-11-01|Denver Nuggets|Minnesota Timberwolves,,,,2024-11-01|Denver Nuggets|Minnesota Timberwolves,0.6661557285888077,0.6908488389301588,,bradley_terry_hfa,1.0,3
2024-11-01,Portland Trail Blazers,Oklahoma City Thunder,114,137,False,False,2024-11-01|Oklahoma City Thunder|Portland Trail Blazers,,,,2024-11-01|Oklahoma City Thunder|Portland Trail Blazers,0.00881037957043701,-4.722975335473456,,bradley_terry_hfa,0.0,-23
2024-11-02,Charlotte Hornets,Boston Celtics,103,113,False,False,2024-11-02|Boston Celtics|Charlotte Hornets,,,,2024-11-02|Boston Celtics|Charlotte Hornets,0.1073011279229916,-2.118610153243134,,bradley_terry_hfa,0.0,-10
2024-11-02,Philadelphia 76ers,Memphis Grizzlies,107,124,False,False,2024-11-02|Memphis Grizzlies|Philadelphia 76ers,,,,2024-11-02|Memphis Grizzlies|Philadelphia 76ers,0.04585172557437877,-3.035406250093174,,bradley_terry_hfa,0.0,-17
2024-11-02,Toronto Raptors,Sacramento Kings,131,128,False,False,2024-11-02|Sacramento Kings|Toronto Raptors,,,,2024-11-02|Sacramento Kings|Toronto Raptors,0.0067927763150561074,-4.9850795858247965,,bradley_terry_hfa,1.0,3
2024-11-02,Houston Rockets,Golden State Warriors,121,127,False,False,2024-11-02|Golden State Warriors|Houston Rockets,,,,2024-11-02|Golden State Warriors|Houston Rockets,0.08531483280351207,-2.3722315972774615,,bradley_terry_hfa,0.0,-6
2024-11-02,Milwaukee Bucks,Cleveland Cavaliers,113,114,False,False,2024-11-02|Cleveland Cavaliers|Milwaukee Bucks,,,,2024-11-02|Cleveland Cavaliers|Milwaukee Bucks,2.5831624327612698e-06,-12.866493577349855,,bradley_terry_hfa,0.0,-1
2024-11-02,San Antonio Spurs,Minnesota Timberwolves,113,103,False,False,2024-11-02|Minnesota Timberwolves|San Antonio Spurs,,,,2024-11-02|Minnesota Timberwolves|San Antonio Spurs,0.09685176799919579,-2.2327050502730343,,bradley_terry_hfa,1.0,10
2024-11-02,Washington Wizards,Miami Heat,98,118,False,False,2024-11-02|Miami Heat|Washington Wizards,,,,2024-11-02|Miami Heat|Washington Wizards,0.8925662457598706,2.1172263178529582,,bradley_terry_hfa,0.0,-20
2024-11-02,Denver Nuggets,Utah Jazz,129,103,False,False,2024-11-02|Utah Jazz|Denver Nuggets,,,,2024-11-02|Utah Jazz|Denver Nuggets,0.9937628100098126,5.0709687975908295,,bradley_terry_hfa,1.0,26
2024-11-02,Phoenix Suns,Portland Trail Blazers,103,97,False,False,2024-11-02|Portland Trail Blazers|Phoenix Suns,,,,2024-11-02|Portland Trail Blazers|Phoenix Suns,0.9894185287451445,4.538012949104832,,bradley_terry_hfa,1.0,6
2024-11-02,Los Angeles Clippers,Oklahoma City Thunder,92,105,False,False,2024-11-02|Oklahoma City Thunder|Los Angeles Clippers,,,,2024-11-02|Oklahoma City Thunder|Los Angeles Clippers,0.016882459386194267,-4.064453509570672,,bradley_terry_hfa,0.0,-13
2024-11-03,Brooklyn Nets,Detroit Pistons,92,106,False,False,2024-11-03|Detroit Pistons|Brooklyn Nets,,,,2024-11-03|Detroit Pistons|Brooklyn Nets,0.8886141561741456,2.076662877001774,,bradley_terry_hfa,0.0,-14
2024-11-03,New Orleans Pelicans,Atlanta Hawks,111,126,False,False,2024-11-03|Atlanta Hawks|New Orleans Pelicans,,,,2024-11-03|Atlanta Hawks|New Orleans Pelicans,0.8183840711921561,1.5054375750751574,,bradley_terry_hfa,0.0,-15
2024-11-03,Dallas Mavericks,Orlando Magic,108,85,False,False,2024-11-03|Orlando Magic|Dallas Mavericks,,,,2024-11-03|Orlando Magic|Dallas Mavericks,0.844404438503018,1.691371486105218,,bradley_terry_hfa,1.0,23
2024-11-04,Cleveland Cavaliers,Milwaukee Bucks,116,114,False,False,2024-11-04|Milwaukee Bucks|Cleveland Cavaliers,,,,2024-11-04|Milwaukee Bucks|Cleveland Cavaliers,0.9999911753056079,11.637947760803929,,bradley_terry_hfa,1.0,2
2024-11-04,Washington Wizards,Golden State Warriors,112,125,False,False,2024-11-04|Golden State Warriors|Washington Wizards,,,,2024-11-04|Golden State Warriors|Washington Wizards,0.1707372893257046,-1.5804109502049641,,bradley_terry_hfa,0.0,-13
2024-11-04,Detroit Pistons,Los Angeles Lakers,115,103,False,False,2024-11-04|Los Angeles Lakers|Detroit Pistons,,,,2024-11-04|Los Angeles Lakers|Detroit Pistons,0.0006997998270206097,-7.264016180413541,,bradley_terry_hfa,1.0,12
2024-11-04,Atlanta Hawks,Boston Celtics,93,123,False,False,2024-11-04|Boston Celtics|Atlanta Hawks,,,,2024-11-04|Boston Celtics|Atlanta Hawks,0.1477169834175034,-1.7526204819300357,,bradley_terry_hfa,0.0,-30
2024-11-04,Brooklyn Nets,Memphis Grizzlies,106,104,False,False,2024-11-04|Memphis Grizzlies|Brooklyn Nets,,,,2024-11-04|Memphis Grizzlies|Brooklyn Nets,0.4196987866413035,-0.3240100227895424,,bradley_terry_hfa,1.0,2
2024-11-04,Miami Heat,Sacramento Kings,110,111,False,False,2024-11-04|Sacramento Kings|Miami Heat,,,,2024-11-04|Sacramento Kings|Miami Heat,0.5209148364965966,0.08370819079551275,,bradley_terry_hfa,0.0,-1
2024-11-04,Chicago Bulls,Utah Jazz,126,135,False,False,2024-11-04|Utah Jazz|Chicago Bulls,,,,2024-11-04|Utah Jazz|Chicago Bulls,0.98762698648843,4.3797873111683385,,bradley_terry_hfa,0.0,-9
2024-11-04,Houston Rockets,New York Knicks,109,97,False,False,2024-11-04|New York Knicks|Houston Rockets,,,,2024-11-04|New York Knicks|Houston Rockets,0.40361578442430235,-0.39042171957572747,,bradley_terry_hfa,1.0,12
2024-11-04,Minnesota Timberwolves,Charlotte Hornets,114,93,False,False,2024-11-04|Charlotte Hornets|Minnesota Timberwolves,,,,2024-11-04|Charlotte Hornets|Minnesota Timberwolves,0.7136683139345883,0.9132674277677721,,bradley_terry_hfa,1.0,21
2024-11-04,Oklahoma City Thunder,Orlando Magic,102,86,False,False,2024-11-04|Orlando Magic|Oklahoma City Thunder,,,,2024-11-04|Orlando Magic|Oklahoma City Thunder,0.9987477357022125,6.681548879077702,,bradley_terry_hfa,1.0,16
2024-11-04,New Orleans Pelicans,Portland Trail Blazers,100,118,False,False,2024-11-04|Portland Trail Blazers|New Orleans Pelicans,,,,2024-11-04|Portland Trail Blazers|New Orleans Pelicans,0.37657569138802516,-0.5041082935983539,,bradley_terry_hfa,0.0,-18
2024-11-04,Dallas Mavericks,Indiana Pacers,127,134,False,False,2024-11-04|Indiana Pacers|Dallas Mavericks,,,,2024-11-04|Indiana Pacers|Dallas Mavericks,0.9638414392084453,3.28301306531958,,bradley_terry_hfa,0.0,-7
2024-11-04,Denver Nuggets,Toronto Raptors,121,119,False,False,2024-11-04|Toronto Raptors|Denver Nuggets,,,,2024-11-04|Toronto Raptors|Denver Nuggets,0.6293687095972017,0.5295095267141972,,bradley_terry_hfa,1.0,2
2024-11-04,Phoenix Suns,Philadelphia 76ers,118,116,False,False,2024-11-04|Philadelphia 76ers|Phoenix Suns,,,,2024-11-04|Philadelphia 76ers|Phoenix Suns,0.9997872354391498,8.455111564525733,,bradley_terry_hfa,1.0,2
2024-11-04,Los Angeles Clippers,San Antonio Spurs,113,104,False,False,2024-11-04|San Antonio Spurs|Los Angeles Clippers,,,,2024-11-04|San Antonio Spurs|Los Angeles Clippers,0.47504866130129103,-0.09988832647052279,,bradley_terry_hfa,1.0,9
2024-11-06,Charlotte Hornets,Detroit Pistons,108,107,False,False,2024-11-06|Detroit Pistons|Charlotte Hornets,,,,2024-11-06|Detroit Pistons|Charlotte Hornets,0.41418481758951803,-0.3466920579454034,,bradley_terry_hfa,1.0,1
2024-11-06,Indiana Pacers,Orlando Magic,118,111,False,False,2024-11-06|Orlando Magic|Indiana Pacers,,,,2024-11-06|Orlando Magic|Indiana Pacers,0.524046668719884,0.09626093690207412,,bradley_terry_hfa,1.0,7
2024-11-06,Atlanta Hawks,New York Knicks,121,116,False,False,2024-11-06|New York Knicks|Atlanta Hawks,,,,2024-11-06|New York Knicks|Atlanta Hawks,0.26375811396062865,-1.0265262660966246,,bradley_terry_hfa,1.0,5
2024-11-06,Boston Celtics,Golden State Warriors,112,118,False,False,2024-11-06|Golden State Warriors|Boston Celtics,,,,2024-11-06|Golden State Warriors|Boston Celtics,0.35717697691491695,-0.5876380574940432,,bradley_terry_hfa,0.0,-6
2024-11-06,Houston Rockets,San Antonio Spurs,127,100,False,False,2024-11-06|San Antonio Spurs|Houston Rockets,,,,2024-11-06|San Antonio Spurs|Houston Rockets,0.5397514113643356,0.15934193064800228,,bradley_terry_hfa,1.0,27
2024-11-06,Memphis Grizzlies,Los Angeles Lakers,131,114,False,False,2024-11-06|Los Angeles Lakers|Memphis Grizzlies,,,,2024-11-06|Los Angeles Lakers|Memphis Grizzlies,0.03273817213357686,-3.3859274812285856,,bradley_terry_hfa,1.0,17
2024-11-06,New Orleans Pelicans,Cleveland Cavaliers,122,131,False,False,2024-11-06|Cleveland Cavaliers|New Orleans Pelicans,,,,2024-11-06|Cleveland Cavaliers|New Orleans Pelicans,0.0012665148524163678,-6.670219043896209,,bradley_terry_hfa,0.0,-9
2024-11-06,Dallas Mavericks,Chicago Bulls,119,99,False,False,2024-11-06|Chicago Bulls|Dallas Mavericks,,,,2024-11-06|Chicago Bulls|Dallas Mavericks,0.8679863723105031,1.8832708571045682,,bradley_terry_hfa,1.0,20
2024-11-06,Denver Nuggets,Oklahoma City Thunder,124,122,False,False,2024-11-06|Oklahoma City Thunder|Denver Nuggets,,,,2024-11-06|Oklahoma City Thunder|Denver Nuggets,0.0024770799009880768,-5.9981947188948235,,bradley_terry_hfa,1.0,2
2024-11-06,Phoenix Suns,Miami Heat,115,112,False,False,2024-11-06|Miami Heat|Phoenix Suns,,,,2024-11-06|Miami Heat|Phoenix Suns,0.9572056419092794,3.107611976608618,,bradley_terry_hfa,1.0,3
2024-11-06,Los Angeles Clippers,Philadelphia 76ers,110,98,False,False,2024-11-06|Philadelphia 76ers|Los Angeles Clippers,,,,2024-11-06|Philadelphia 76ers|Los Angeles Clippers,0.9875478976542487,4.373335527785162,,bradley_terry_hfa,1.0,12
2024-11-06,Sacramento Kings,Toronto Raptors,122,107,False,False,2024-11-06|Toronto Raptors|Sacramento Kings,,,,2024-11-06|Toronto Raptors|Sacramento Kings,0.7950775100070316,1.3558077967197988,,bradley_terry_hfa,1.0,15
2024-11-07,Chicago Bulls,Minnesota Timberwolves,119,135,False,False,2024-11-07|Minnesota Timberwolves|Chicago Bulls,,,,2024-11-07|Minnesota Timberwolves|Chicago Bulls,0.1769204973967184,-1.5373523325697125,,bradley_terry_hfa,0.0,-16
2024-11-07,Milwaukee Bucks,Utah Jazz,123,100,False,False,2024-11-07|Utah Jazz|Milwaukee Bucks,,,,2024-11-07|Utah Jazz|Milwaukee Bucks,0.34925351906673957,-0.6223220619966062,,bradley_terry_hfa,1.0,23
2024-11-07,San Antonio Spurs,Portland Trail Blazers,118,105,False,False,2024-11-07|Portland Trail Blazers|San Antonio Spurs,,,,2024-11-07|Portland Trail Blazers|San Antonio Spurs,0.47480149298326196,-0.10087949255268652,,bradley_terry_hfa,1.0,13
2024-11-08,Charlotte Hornets,Indiana Pacers,103,83,False,False,2024-11-08|Indiana Pacers|Charlotte Hornets,,,,2024-11-08|Indiana Pacers|Charlotte Hornets,0.5085501748219046,0.034204033551128,,bradley_terry_hfa,1.0,20
2024-11-08,Detroit Pistons,Atlanta Hawks,122,121,False,False,2024-11-08|Atlanta Hawks|Detroit Pistons,,,,2024-11-08|Atlanta Hawks|Detroit Pistons,0.3679947234117065,-0.5408291436331267,,bradley_terry_hfa,1.0,1
2024-11-08,Orlando Magic,New Orleans Pelicans,115,88,False,False,2024-11-08|New Orleans Pelicans|Orlando Magic,,,,2024-11-08|New Orleans Pelicans|Orlando Magic,0.4675760116932572,-0.12987821506133196,,bradley_terry_hfa,1.0,27
2024-11-08,Boston Celtics,Brooklyn Nets,108,104,False,False,2024-11-08|Brooklyn Nets|Boston Celtics,,,,2024-11-08|Brooklyn Nets|Boston Celtics,0.9090862567540099,2.3025288010139024,,bradley_terry_hfa,1.0,4
2024-11-08,Cleveland Cavaliers,Golden State Warriors,136,117,False,False,2024-11-08|Golden State Warriors|Cleveland Cavaliers,,,,2024-11-08|Golden State Warriors|Cleveland Cavaliers,0.9736149123774478,3.6082168705203155,,bradley_terry_hfa,1.0,19
2024-11-08,Dallas Mavericks,Phoenix Suns,113,114,False,False,2024-11-08|Phoenix Suns|Dallas Mavericks,,,,2024-11-08|Phoenix Suns|Dallas Mavericks,0.14536536140095926,-1.7714237473185037,,bradley_terry_hfa,0.0,-1
2024-11-08,New York Knicks,Milwaukee Bucks,116,94,False,False,2024-11-08|Milwaukee Bucks|New York Knicks,,,,2024-11-08|Milwaukee Bucks|New York Knicks,0.9185960704129178,2.4234229472136692,,bradley_terry_hfa,1.0,22
2024-11-08,Memphis Grizzlies,Washington Wizards,128,104,False,False,2024-11-08|Washington Wizards|Memphis Grizzlies,,,,2024-11-08|Washington Wizards|Memphis Grizzlies,0.357175558683531,-0.5876442344228427,,bradley_terry_hfa,1.0,24
2024-11-08,Oklahoma City Thunder,Houston Rockets,126,107,False,False,2024-11-08|Houston Rockets|Oklahoma City Thunder,,,,2024-11-08|Houston Rockets|Oklahoma City Thunder,0.8406974344818652,1.6634265047575694,,bradley_terry_hfa,1.0,19
2024-11-08,Denver Nuggets,Miami Heat,135,122,False,False,2024-11-08|Miami Heat|Denver Nuggets,,,,2024-11-08|Miami Heat|Denver Nuggets,0.8088547878783444,1.4425859930492928,,bradley_terry_hfa,1.0,13
2024-11-08,Minnesota Timberwolves,Portland Trail Blazers,127,102,False,False,2024-11-08|Portland Trail Blazers|Minnesota Timberwolves,,,,2024-11-08|Portland Trail Blazers|Minnesota Timberwolves,0.6948974143828365,0.8231161631240582,,bradley_terry_hfa,1.0,25
2024-11-08,Los Angeles Lakers,Philadelphia 76ers,116,106,False,False,2024-11-08|Philadelphia 76ers|Los Angeles Lakers,,,,2024-11-08|Philadelphia 76ers|Los Angeles Lakers,0.97122963302444,3.5192169986269577,,bradley_terry_hfa,1.0,10
2024-11-08,Sacramento Kings,Los Angeles Clippers,98,107,False,False,2024-11-08|Los Angeles Clippers|Sacramento Kings,,,,2024-11-08|Los Angeles Clippers|Sacramento Kings,0.29804834623267246,-0.8566088233501736,,bradley_terry_hfa,0.0,-9
2024-11-09,San Antonio Spurs,Utah Jazz,110,111,False,False,2024-11-09|Utah Jazz|San Antonio Spurs,,,,2024-11-09|Utah Jazz|San Antonio Spurs,0.9322946606320287,2.622483879321265,,bradley_terry_hfa,0.0,-1
2024-11-09,Atlanta Hawks,Chicago Bulls,113,125,False,False,2024-11-09|Chicago Bulls|Atlanta Hawks,,,,2024-11-09|Chicago Bulls|Atlanta Hawks,0.5949080162414955,0.384292637332575,,bradley_terry_hfa,0.0,-12
2024-11-09,Cleveland Cavaliers,Brooklyn Nets,105,100,False,False,2024-11-09|Brooklyn Nets|Cleveland Cavaliers,,,,2024-11-09|Brooklyn Nets|Cleveland Cavaliers,0.9993409435302765,7.324042063369413,,bradley_terry_hfa,1.0,5
2024-11-09,Los Angeles Clippers,Toronto Raptors,105,103,False,False,2024-11-09|Toronto Raptors|Los Angeles Clippers,,,,2024-11-09|Toronto Raptors|Los Angeles Clippers,0.9297493171007156,2.582844969154298,,bradley_terry_hfa,1.0,2
2024-11-10,Detroit Pistons,Houston Rockets,99,101,False,False,2024-11-10|Houston Rockets|Detroit Pistons,,,,2024-11-10|Houston Rockets|Detroit Pistons,0.113893891609783,-2.0515694649957004,,bradley_terry_hfa,0.0,-2
2024-11-10,Milwaukee Bucks,Boston Celtics,107,113,False,False,2024-11-10|Boston Celtics|Milwaukee Bucks,,,,2024-11-10|Boston Celtics|Milwaukee Bucks,0.018017799837204924,-3.998213032961746,,bradley_terry_hfa,0.0,-6
2024-11-10,Indiana Pacers,New York Knicks,132,121,False,False,2024-11-10|New York Knicks|Indiana Pacers,,,,2024-11-10|New York Knicks|Indiana Pacers,0.21367093328439213,-1.3029382281362174,,bradley_terry_hfa,1.0,11
2024-11-10,Orlando Magic,Washington Wizards,121,94,False,False,2024-11-10|Washington Wizards|Orlando Magic,,,,2024-11-10|Washington Wizards|Orlando Magic,0.49290152033879114,-0.02839582650824768,,bradley_terry_hfa,1.0,27
2024-11-10,Minnesota Timberwolves,Miami Heat,94,95,False,False,2024-11-10|Miami Heat|Minnesota Timberwolves,,,,2024-11-10|Miami Heat|Minnesota Timberwolves,0.7110953215545877,0.9007096863642117,,bradley_terry_hfa,0.0,-1
2024-11-10,Oklahoma City Thunder,Golden State Warriors,116,127,False,False,2024-11-10|Golden State Warriors|Oklahoma City Thunder,,,,2024-11-10|Golden State Warriors|Oklahoma City Thunder,0.47758199852674693,-0.08973216670282658,,bradley_terry_hfa,0.0,-11
2024-11-10,Philadelphia 76ers,Charlotte Hornets,107,105,False,False,2024-11-10|Charlotte Hornets|Philadelphia 76ers,,,,2024-11-10|Charlotte Hornets|Philadelphia 76ers,0.048426160027523646,-2.978077123336324,,bradley_terry_hfa,1.0,2
2024-11-10,Denver Nuggets,Dallas Mavericks,122,120,False,False,2024-11-10|Dallas Mavericks|Denver Nuggets,,,,2024-11-10|Dallas Mavericks|Denver Nuggets,0.5606054594735222,0.2436196422728949,,bradley_terry_hfa,1.0,2
2024-11-10,Phoenix Suns,Sacramento Kings,118,127,False,False,2024-11-10|Sacramento Kings|Phoenix Suns,,,,2024-11-10|Sacramento Kings|Phoenix Suns,0.935875008805826,2.6806477637919386,,bradley_terry_hfa,0.0,-9
2024-11-10,Portland Trail Blazers,Memphis Grizzlies,89,134,False,False,2024-11-10|Memphis Grizzlies|Portland Trail Blazers,,,,2024-11-10|Memphis Grizzlies|Portland Trail Blazers,0.31245609329299845,-0.7886617339597859,,bradley_terry_hfa,0.0,-45
2024-11-10,Los Angeles Lakers,Toronto Raptors,123,103,False,False,2024-11-10|Toronto Raptors|Los Angeles Lakers,,,,2024-11-10|Toronto Raptors|Los Angeles Lakers,0.8677831910217093,1.8814988361002938,,bradley_terry_hfa,1.0,20
2024-11-11,Chicago Bulls,Cleveland Cavaliers,113,119,False,False,2024-11-11|Cleveland Cavaliers|Chicago Bulls,,,,2024-11-11|Cleveland Cavaliers|Chicago Bulls,3.1817202357743426e-05,-10.355471642086806,,bradley_terry_hfa,0.0,-6
2024-11-11,Houston Rockets,Washington Wizards,107,92,False,False,2024-11-11|Washington Wizards|Houston Rockets,,,,2024-11-11|Washington Wizards|Houston Rockets,0.7820334669821716,1.2775560035448423,,bradley_terry_hfa,1.0,15
2024-11-11,New Orleans Pelicans,Brooklyn Nets,105,107,False,False,2024-11-11|Brooklyn Nets|New Orleans Pelicans,,,,2024-11-11|Brooklyn Nets|New Orleans Pelicans,0.12983193587847286,-1.9024455570108103,,bradley_terry_hfa,0.0,-2
2024-11-11,Oklahoma City Thunder,Los Angeles Clippers,134,128,False,False,2024-11-11|Los Angeles Clippers|Oklahoma City Thunder,,,,2024-11-11|Los Angeles Clippers|Oklahoma City Thunder,0.564490151477467,0.2594055266597455,,bradley_terry_hfa,1.0,6
2024-11-11,San Antonio Spurs,Sacramento Kings,116,96,False,False,2024-11-11|Sacramento Kings|San Antonio Spurs,,,,2024-11-11|Sacramento Kings|San Antonio Spurs,0.11254994100811004,-2.064955204994634,,bradley_terry_hfa,1.0,20
2024-11-12,Boston Celtics,Atlanta Hawks,116,117,False,False,2024-11-12|Atlanta Hawks|Boston Celtics,,,,2024-11-12|Atlanta Hawks|Boston Celtics,0.9047841512295132,2.2515500017010432,,bradley_terry_hfa,0.0,-1
2024-11-12,Detroit Pistons,Miami Heat,123,121,False,False,2024-11-12|Miami Heat|Detroit Pistons,,,,2024-11-12|Miami Heat|Detroit Pistons,0.14069275277760498,-1.8095480836900166,,bradley_terry_hfa,1.0,2
2024-11-12,Orlando Magic,Charlotte Hornets,114,89,False,False,2024-11-12|Charlotte Hornets|Orlando Magic,,,,2024-11-12|Charlotte Hornets|Orlando Magic,0.3995108077172239,-0.40750382554440745,,bradley_terry_hfa,1.0,25
2024-11-12,Philadelphia 76ers,New York Knicks,99,111,False,False,2024-11-12|New York Knicks|Philadelphia 76ers,,,,2024-11-12|New York Knicks|Philadelphia 76ers,0.031403286251499005,-3.428935792049402,,bradley_terry_hfa,0.0,-12
2024-11-12,Milwaukee Bucks,Toronto Raptors,99,85,False,False,2024-11-12|Toronto Raptors|Milwaukee Bucks,,,,2024-11-12|Toronto Raptors|Milwaukee Bucks,0.18354247663423623,-1.4925287672324357,,bradley_terry_hfa,1.0,14
2024-11-12,Utah Jazz,Phoenix Suns,112,120,False,False,2024-11-12|Phoenix Suns|Utah Jazz,,,,2024-11-12|Phoenix Suns|Utah Jazz,0.004144192175693692,-5.481894597518112,,bradley_terry_hfa,0.0,-8
2024-11-12,Golden State Warriors,Dallas Mavericks,120,117,False,False,2024-11-12|Dallas Mavericks|Golden State Warriors,,,,2024-11-12|Dallas Mavericks|Golden State Warriors,0.9214696483930656,2.4624846446573554,,bradley_terry_hfa,1.0,3
2024-11-12,Portland Trail Blazers,Minnesota Timberwolves,122,108,False,False,2024-11-12|Minnesota Timberwolves|Portland Trail Blazers,,,,2024-11-12|Minnesota Timberwolves|Portland Trail Blazers,0.05435987725089621,-2.8562357455442164,,bradley_terry_hfa,1.0,14
2024-11-13,Orlando Magic,Indiana Pacers,94,90,False,False,2024-11-13|Indiana Pacers|Orlando Magic,,,,2024-11-13|Indiana Pacers|Orlando Magic,0.2726324771227736,-0.9813072327783199,,bradley_terry_hfa,1.0,4
2024-11-13,Brooklyn Nets,Boston Celtics,114,139,False,False,2024-11-13|Boston Celtics|Brooklyn Nets,,,,2024-11-13|Boston Celtics|Brooklyn Nets,0.04522541802407911,-3.0498159983565776,,bradley_terry_hfa,0.0,-25
2024-11-13,New York Knicks,Chicago Bulls,123,124,False,False,2024-11-13|Chicago Bulls|New York Knicks,,,,2024-11-13|Chicago Bulls|New York Knicks,0.44863599598417336,-0.20618335580413816,,bradley_terry_hfa,0.0,-1
2024-11-13,Oklahoma City Thunder,New Orleans Pelicans,106,88,False,False,2024-11-13|New Orleans Pelicans|Oklahoma City Thunder,,,,2024-11-13|New Orleans Pelicans|Oklahoma City Thunder,0.9809523768846691,3.9415815899681443,,bradley_terry_hfa,1.0,18
2024-11-13,Philadelphia 76ers,Cleveland Cavaliers,106,114,False,False,2024-11-13|Cleveland Cavaliers|Philadelphia 76ers,,,,2024-11-13|Cleveland Cavaliers|Philadelphia 76ers,2.1162634589452614e-06,-13.065856427444844,,bradley_terry_hfa,0.0,-8
2024-11-13,Houston Rockets,Los Angeles Clippers,111,103,False,False,2024-11-13|Los Angeles Clippers|Houston Rockets,,,,2024-11-13|Los Angeles Clippers|Houston Rockets,0.2049818358452024,-1.3554435928072384,,bradley_terry_hfa,1.0,8
2024-11-13,Milwaukee Bucks,Detroit Pistons,127,120,False,False,2024-11-13|Detroit Pistons|Milwaukee Bucks,,,,2024-11-13|Detroit Pistons|Milwaukee Bucks,0.08268907859295267,-2.4063589457168018,,bradley_terry_hfa,1.0,7
2024-11-13,San Antonio Spurs,Washington Wizards,139,130,False,False,2024-11-13|Washington Wizards|San Antonio Spurs,,,,2024-11-13|Washington Wizards|San Antonio Spurs,0.5467690834843224,0.18762481735226144,,bradley_terry_hfa,1.0,9
2024-11-13,Los Angeles Lakers,Memphis Grizzlies,128,123,False,False,2024-11-13|Memphis Grizzlies|Los Angeles Lakers,,,,2024-11-13|Memphis Grizzlies|Los Angeles Lakers,0.36690237038841544,-0.545528851520352,,bradley_terry_hfa,1.0,5
2024-11-13,Portland Trail Blazers,Minnesota Timberwolves,106,98,False,False,2024-11-13|Minnesota Timberwolves|Portland Trail Blazers,,,,2024-11-13|Minnesota Timberwolves|Portland Trail Blazers,0.10406501224967767,-2.152852030406076,,bradley_terry_hfa,1.0,8
2024-11-13,Sacramento Kings,Phoenix Suns,127,104,False,False,2024-11-13|Phoenix Suns|Sacramento Kings,,,,2024-11-13|Phoenix Suns|Sacramento Kings,0.017775122548271873,-4.012020411496691,,bradley_terry_hfa,1.0,23
2024-11-14,Utah Jazz,Dallas Mavericks,115,113,False,False,2024-11-14|Dallas Mavericks|Utah Jazz,,,,2024-11-14|Dallas Mavericks|Utah Jazz,0.026720915152662835,-3.5952242724877506,,bradley_terry_hfa,1.0,2
2024-11-15,Indiana Pacers,Miami Heat,111,124,False,False,2024-11-15|Miami Heat|Indiana Pacers,,,,2024-11-15|Miami Heat|Indiana Pacers,0.22080324077847704,-1.2609916014757387,,bradley_terry_hfa,0.0,-13
2024-11-15,Orlando Magic,Philadelphia 76ers,98,86,False,False,2024-11-15|Philadelphia 76ers|Orlando Magic,,,,2024-11-15|Philadelphia 76ers|Orlando Magic,0.8965181148546116,2.1591219243996465,,bradley_terry_hfa,1.0,12
2024-11-15,Toronto Raptors,Detroit Pistons,95,99,False,False,2024-11-15|Detroit Pistons|Toronto Raptors,,,,2024-11-15|Detroit Pistons|Toronto Raptors,0.06669007429523514,-2.6386811968964414,,bradley_terry_hfa,0.0,-4
2024-11-15,Atlanta Hawks,Washington Wizards,129,117,False,False,2024-11-15|Washington Wizards|Atlanta Hawks,,,,2024-11-15|Washington Wizards|Atlanta Hawks,0.33537409723447253,-0.6839777131987752,,bradley_terry_hfa,1.0,12
2024-11-15,Cleveland Cavaliers,Chicago Bulls,144,126,False,False,2024-11-15|Chicago Bulls|Cleveland Cavaliers,,,,2024-11-15|Chicago Bulls|Cleveland Cavaliers,0.9997894152091323,8.46541157200798,,bradley_terry_hfa,1.0,18
2024-11-15,New York Knicks,Brooklyn Nets,124,122,False,False,2024-11-15|Brooklyn Nets|New York Knicks,,,,2024-11-15|Brooklyn Nets|New York Knicks,0.21911515172578294,-1.2708302989833875,,bradley_terry_hfa,1.0,2
2024-11-15,San Antonio Spurs,Los Angeles Lakers,115,120,False,False,2024-11-15|Los Angeles Lakers|San Antonio Spurs,,,,2024-11-15|Los Angeles Lakers|San Antonio Spurs,0.07933556785273915,-2.451409067413783,,bradley_terry_hfa,0.0,-5
2024-11-15,Houston Rockets,Los Angeles Clippers,125,104,False,False,2024-11-15|Los Angeles Clippers|Houston Rockets,,,,2024-11-15|Los Angeles Clippers|Houston Rockets,0.32269937827242406,-0.7413940517570644,,bradley_terry_hfa,1.0,21
2024-11-15,New Orleans Pelicans,Denver Nuggets,101,94,False,False,2024-11-15|Denver Nuggets|New Orleans Pelicans,,,,2024-11-15|Denver Nuggets|New Orleans Pelicans,0.00762828249252118,-4.868235031644632,,bradley_terry_hfa,1.0,7
2024-11-15,Oklahoma City Thunder,Phoenix Suns,99,83,False,False,2024-11-15|Phoenix Suns|Oklahoma City Thunder,,,,2024-11-15|Phoenix Suns|Oklahoma City Thunder,0.5183638649834055,0.07348851535489453,,bradley_terry_hfa,1.0,16
2024-11-15,Golden State Warriors,Memphis Grizzlies,123,118,False,False,2024-11-15|Memphis Grizzlies|Golden State Warriors,,,,2024-11-15|Memphis Grizzlies|Golden State Warriors,0.9610301227220752,3.2052167834599423,,bradley_terry_hfa,1.0,5
2024-11-15,Sacramento Kings,Minnesota Timberwolves,126,130,False,False,2024-11-15|Minnesota Timberwolves|Sacramento Kings,,,,2024-11-15|Minnesota Timberwolves|Sacramento Kings,0.40558043275653766,-0.38226620377858844,,bradley_terry_hfa,0.0,-4
2024-11-16,Charlotte Hornets,Milwaukee Bucks,115,114,False,False,2024-11-16|Milwaukee Bucks|Charlotte Hornets,,,,2024-11-16|Milwaukee Bucks|Charlotte Hornets,0.15209060644577896,-1.7182973445693155,,bradley_terry_hfa,1.0,1
2024-11-16,Boston Celtics,Toronto Raptors,126,123,False,False,2024-11-16|Toronto Raptors|Boston Celtics,,,,2024-11-16|Toronto Raptors|Boston Celtics,0.9776849501509771,3.7799261493193255,,bradley_terry_hfa,1.0,3
2024-11-16,New Orleans Pelicans,Los Angeles Lakers,99,104,False,False,2024-11-16|Los Angeles Lakers|New Orleans Pelicans,,,,2024-11-16|Los Angeles Lakers|New Orleans Pelicans,0.009645408142745945,-4.631581090619873,,bradley_terry_hfa,0.0,-5
2024-11-16,Dallas Mavericks,San Antonio Spurs,110,93,False,False,2024-11-16|San Antonio Spurs|Dallas Mavericks,,,,2024-11-16|San Antonio Spurs|Dallas Mavericks,0.1317326338381239,-1.8857253255041055,,bradley_terry_hfa,1.0,17
2024-11-16,Sacramento Kings,Utah Jazz,121,117,False,False,2024-11-16|Utah Jazz|Sacramento Kings,,,,2024-11-16|Utah Jazz|Sacramento Kings,0.6281891724627812,0.5244561543407045,,bradley_terry_hfa,1.0,4
2024-11-17,Minnesota Timberwolves,Phoenix Suns,120,117,False,False,2024-11-17|Phoenix Suns|Minnesota Timberwolves,,,,2024-11-17|Phoenix Suns|Minnesota Timberwolves,0.021849486854433643,-3.8014861207725614,,bradley_terry_hfa,1.0,3
2024-11-17,Indiana Pacers,Miami Heat,119,110,False,False,2024-11-17|Miami Heat|Indiana Pacers,,,,2024-11-17|Miami Heat|Indiana Pacers,0.09218579005303791,-2.287233745284118,,bradley_terry_hfa,1.0,9
2024-11-17,Cleveland Cavaliers,Charlotte Hornets,128,114,False,False,2024-11-17|Charlotte Hornets|Cleveland Cavaliers,,,,2024-11-17|Charlotte Hornets|Cleveland Cavaliers,0.9999520108655611,9.944487948251666,,bradley_terry_hfa,1.0,14
2024-11-17,Memphis Grizzlies,Denver Nuggets,105,90,False,False,2024-11-17|Denver Nuggets|Memphis Grizzlies,,,,2024-11-17|Denver Nuggets|Memphis Grizzlies,0.09767521983715367,-2.2233266303146317,,bradley_terry_hfa,1.0,15
2024-11-17,Portland Trail Blazers,Atlanta Hawks,114,110,False,False,2024-11-17|Atlanta Hawks|Portland Trail Blazers,,,,2024-11-17|Atlanta Hawks|Portland Trail Blazers,0.24689900750724098,-1.1152199624566033,,bradley_terry_hfa,1.0,4
2024-11-17,Washington Wizards,Detroit Pistons,104,124,False,False,2024-11-17|Detroit Pistons|Washington Wizards,,,,2024-11-17|Detroit Pistons|Washington Wizards,0.055549980506776946,-2.833319602945119,,bradley_terry_hfa,0.0,-20
2024-11-17,Chicago Bulls,Houston Rockets,107,143,False,False,2024-11-17|Houston Rockets|Chicago Bulls,,,,2024-11-17|Houston Rockets|Chicago Bulls,0.0158634182923263,-4.127748967834428,,bradley_terry_hfa,0.0,-36
2024-11-17,New York Knicks,Brooklyn Nets,114,104,False,False,2024-11-17|Brooklyn Nets|New York Knicks,,,,2024-11-17|Brooklyn Nets|New York Knicks,0.3356660404933109,-0.6826682355163529,,bradley_terry_hfa,1.0,10
2024-11-17,Oklahoma City Thunder,Dallas Mavericks,119,121,False,False,2024-11-17|Dallas Mavericks|Oklahoma City Thunder,,,,2024-11-17|Dallas Mavericks|Oklahoma City Thunder,0.9399093249522021,2.74992873556596,,bradley_terry_hfa,0.0,-2
2024-11-17,Los Angeles Clippers,Utah Jazz,116,105,False,False,2024-11-17|Utah Jazz|Los Angeles Clippers,,,,2024-11-17|Utah Jazz|Los Angeles Clippers,0.7855532772194446,1.2983269523922143,,bradley_terry_hfa,1.0,11
2024-11-18,Detroit Pistons,Chicago Bulls,112,122,False,False,2024-11-18|Chicago Bulls|Detroit Pistons,,,,2024-11-18|Chicago Bulls|Detroit Pistons,0.14388416387663694,-1.783397131225235,,bradley_terry_hfa,0.0,-10
2024-11-18,Miami Heat,Philadelphia 76ers,106,89,False,False,2024-11-18|Philadelphia 76ers|Miami Heat,,,,2024-11-18|Philadelphia 76ers|Miami Heat,0.780291807297703,1.267367692539609,,bradley_terry_hfa,1.0,17
2024-11-18,New York Knicks,Washington Wizards,134,106,False,False,2024-11-18|Washington Wizards|New York Knicks,,,,2024-11-18|Washington Wizards|New York Knicks,0.8705901412238359,1.9061867373941839,,bradley_terry_hfa,1.0,28
2024-11-18,Toronto Raptors,Indiana Pacers,130,119,False,False,2024-11-18|Indiana Pacers|Toronto Raptors,,,,2024-11-18|Indiana Pacers|Toronto Raptors,0.011316248283580028,-4.4701349206503584,,bradley_terry_hfa,1.0,11
2024-11-18,Milwaukee Bucks,Houston Rockets,101,100,False,False,2024-11-18|Houston Rockets|Milwaukee Bucks,,,,2024-11-18|Houston Rockets|Milwaukee Bucks,0.001728345131751215,-6.358861059077375,,bradley_terry_hfa,1.0,1
2024-11-18,Phoenix Suns,Orlando Magic,99,109,False,False,2024-11-18|Orlando Magic|Phoenix Suns,,,,2024-11-18|Orlando Magic|Phoenix Suns,0.5241060172371548,0.09649888269186024,,bradley_terry_hfa,0.0,-10
2024-11-18,Sacramento Kings,Atlanta Hawks,108,109,False,False,2024-11-18|Atlanta Hawks|Sacramento Kings,,,,2024-11-18|Atlanta Hawks|Sacramento Kings,0.5453513837036521,0.1819054789286243,,bradley_terry_hfa,0.0,-1
2024-11-18,Los Angeles Clippers,Golden State Warriors,102,99,False,False,2024-11-18|Golden State Warriors|Los Angeles Clippers,,,,2024-11-18|Golden State Warriors|Los Angeles Clippers,0.0012676634192357451,-6.669311432862047,,bradley_terry_hfa,1.0,3
2024-11-19,Boston Celtics,Cleveland Cavaliers,120,117,False,False,2024-11-19|Cleveland Cavaliers|Boston Celtics,,,,2024-11-19|Cleveland Cavaliers|Boston Celtics,8.342531262854014e-05,-9.391475357120825,,bradley_terry_hfa,1.0,3
2024-11-19,Brooklyn Nets,Charlotte Hornets,116,115,False,False,2024-11-19|Charlotte Hornets|Brooklyn Nets,,,,2024-11-19|Charlotte Hornets|Brooklyn Nets,0.1738210496244792,-1.5587850774376748,,bradley_terry_hfa,1.0,1
2024-11-19,Memphis Grizzlies,Denver Nuggets,110,122,False,False,2024-11-19|Denver Nuggets|Memphis Grizzlies,,,,2024-11-19|Denver Nuggets|Memphis Grizzlies,0.1509161731628376,-1.7274333793575327,,bradley_terry_hfa,0.0,-12
2024-11-19,Dallas Mavericks,New Orleans Pelicans,132,91,False,False,2024-11-19|New Orleans Pelicans|Dallas Mavericks,,,,2024-11-19|New Orleans Pelicans|Dallas Mavericks,0.569381636856912,0.2793286948364577,,bradley_terry_hfa,1.0,41
2024-11-19,San Antonio Spurs,Oklahoma City Thunder,110,104,False,False,2024-11-19|Oklahoma City Thunder|San Antonio Spurs,,,,2024-11-19|Oklahoma City Thunder|San Antonio Spurs,0.001814668566860272,-6.310036118658146,,bradley_terry_hfa,1.0,6
2024-11-19,Los Angeles Lakers,Utah Jazz,124,118,False,False,2024-11-19|Utah Jazz|Los Angeles Lakers,,,,2024-11-19|Utah Jazz|Los Angeles Lakers,0.9579818616537246,3.126727453792146,,bradley_terry_hfa,1.0,6
2024-11-20,Cleveland Cavaliers,New Orleans Pelicans,128,100,False,False,2024-11-20|New Orleans Pelicans|Cleveland Cavaliers,,,,2024-11-20|New Orleans Pelicans|Cleveland Cavaliers,0.9979131398929546,6.170005643144298,,bradley_terry_hfa,1.0,28
2024-11-20,Milwaukee Bucks,Chicago Bulls,122,106,False,False,2024-11-20|Chicago Bulls|Milwaukee Bucks,,,,2024-11-20|Chicago Bulls|Milwaukee Bucks,0.050437076627975426,-2.9352752460620932,,bradley_terry_hfa,1.0,16
2024-11-20,Houston Rockets,Indiana Pacers,130,113,False,False,2024-11-20|Indiana Pacers|Houston Rockets,,,,2024-11-20|Indiana Pacers|Houston Rockets,0.839954123446829,1.6578867728092606,,bradley_terry_hfa,1.0,17
2024-11-20,Memphis Grizzlies,Philadelphia 76ers,117,111,False,False,2024-11-20|Philadelphia 76ers|Memphis Grizzlies,,,,2024-11-20|Philadelphia 76ers|Memphis Grizzlies,0.9516530824096788,2.979798091287501,,bradley_terry_hfa,1.0,6
2024-11-20,Oklahoma City Thunder,Portland Trail Blazers,109,99,False,False,2024-11-20|Portland Trail Blazers|Oklahoma City Thunder,,,,2024-11-20|Portland Trail Blazers|Oklahoma City Thunder,0.8925632140662975,2.1171947024514486,,bradley_terry_hfa,1.0,10
2024-11-20,Golden State Warriors,Atlanta Hawks,120,97,False,False,2024-11-20|Atlanta Hawks|Golden State Warriors,,,,2024-11-20|Atlanta Hawks|Golden State Warriors,0.9667750549916508,3.3706648974050113,,bradley_terry_hfa,1.0,23
2024-11-20,Phoenix Suns,New York Knicks,122,138,False,False,2024-11-20|New York Knicks|Phoenix Suns,,,,2024-11-20|New York Knicks|Phoenix Suns,0.2802389899124746,-0.9432764519582642,,bradley_terry_hfa,0.0,-16
2024-11-20,Los Angeles Clippers,Orlando Magic,104,93,False,False,2024-11-20|Orlando Magic|Los Angeles Clippers,,,,2024-11-20|Orlando Magic|Los Angeles Clippers,0.14043281167309177,-1.8116998275145981,,bradley_terry_hfa,1.0,11
2024-11-21,Charlotte Hornets,Detroit Pistons,123,121,False,False,2024-11-21|Detroit Pistons|Charlotte Hornets,,,,2024-11-21|Detroit Pistons|Charlotte Hornets,0.07930577094264489,-2.4518170827349643,,bradley_terry_hfa,1.0,2
2024-11-21,Toronto Raptors,Minnesota Timberwolves,110,105,False,False,2024-11-21|Minnesota Timberwolves|Toronto Raptors,,,,2024-11-21|Minnesota Timberwolves|Toronto Raptors,0.002503126765830641,-5.987708357431988,,bradley_terry_hfa,1.0,5
2024-11-21,San Antonio Spurs,Utah Jazz,126,118,False,False,2024-11-21|Utah Jazz|San Antonio Spurs,,,,2024-11-21|Utah Jazz|San Antonio Spurs,0.6622808131512069,0.6734749130134299,,bradley_terry_hfa,1.0,8
2024-11-21,Los Angeles Lakers,Orlando Magic,118,119,False,False,2024-11-21|Orlando Magic|Los Angeles Lakers,,,,2024-11-21|Orlando Magic|Los Angeles Lakers,0.508284828821336,0.03314234862398169,,bradley_terry_hfa,0.0,-1
2024-11-22,Philadelphia 76ers,Brooklyn Nets,113,98,False,False,2024-11-22|Brooklyn Nets|Philadelphia 76ers,,,,2024-11-22|Brooklyn Nets|Philadelphia 76ers,0.00225988916620723,-6.090177061832321,,bradley_terry_hfa,1.0,15
2024-11-22,Washington Wizards,Boston Celtics,96,108,False,False,2024-11-22|Boston Celtics|Washington Wizards,,,,2024-11-22|Boston Celtics|Washington Wizards,0.00010276493289081495,-9.182963612663368,,bradley_terry_hfa,0.0,-12
2024-11-22,New Orleans Pelicans,Golden State Warriors,108,112,False,False,2024-11-22|Golden State Warriors|New Orleans Pelicans,,,,2024-11-22|Golden State Warriors|New Orleans Pelicans,0.00010569005427986499,-9.154894067727117,,bradley_terry_hfa,0.0,-4
2024-11-22,Chicago Bulls,Atlanta Hawks,136,122,False,False,2024-11-22|Atlanta Hawks|Chicago Bulls,,,,2024-11-22|Atlanta Hawks|Chicago Bulls,0.12879902622931375,-1.9116194360428147,,bradley_terry_hfa,1.0,14
2024-11-22,Houston Rockets,Portland Trail Blazers,116,88,False,False,2024-11-22|Portland Trail Blazers|Houston Rockets,,,,2024-11-22|Portland Trail Blazers|Houston Rockets,0.8342280566161248,1.6158938054152747,,bradley_terry_hfa,1.0,28
2024-11-22,Milwaukee Bucks,Indiana Pacers,129,117,False,False,2024-11-22|Indiana Pacers|Milwaukee Bucks,,,,2024-11-22|Indiana Pacers|Milwaukee Bucks,0.15217715070512391,-1.7176264024507282,,bradley_terry_hfa,1.0,12
2024-11-22,Denver Nuggets,Dallas Mavericks,120,123,False,False,2024-11-22|Dallas Mavericks|Denver Nuggets,,,,2024-11-22|Dallas Mavericks|Denver Nuggets,0.20044699300187047,-1.3835029925233928,,bradley_terry_hfa,0.0,-3
2024-11-22,Los Angeles Clippers,Sacramento Kings,104,88,False,False,2024-11-22|Sacramento Kings|Los Angeles Clippers,,,,2024-11-22|Sacramento Kings|Los Angeles Clippers,0.43322397200707413,-0.26870936269275836,,bradley_terry_hfa,1.0,16
2024-11-23,Utah Jazz,New York Knicks,121,106,False,False,2024-11-23|New York Knicks|Utah Jazz,,,,2024-11-23|New York Knicks|Utah Jazz,0.0017868507288615768,-6.325512128937625,,bradley_terry_hfa,1.0,15
2024-11-23,Orlando Magic,Detroit Pistons,111,100,False,False,2024-11-23|Detroit Pistons|Orlando Magic,,,,2024-11-23|Detroit Pistons|Orlando Magic,0.6652700386180959,0.6868689100040406,,bradley_terry_hfa,1.0,11
2024-11-23,Chicago Bulls,Memphis Grizzlies,131,142,False,False,2024-11-23|Memphis Grizzlies|Chicago Bulls,,,,2024-11-23|Memphis Grizzlies|Chicago Bulls,0.044593535701813326,-3.064547957897583,,bradley_terry_hfa,0.0,-11
2024-11-23,Houston Rockets,Portland Trail Blazers,98,104,False,False,2024-11-23|Portland Trail Blazers|Houston Rockets,,,,2024-11-23|Portland Trail Blazers|Houston Rockets,0.8778146102087497,1.9718959414559496,,bradley_terry_hfa,0.0,-6
2024-11-23,Milwaukee Bucks,Charlotte Hornets,125,119,False,False,2024-11-23|Charlotte Hornets|Milwaukee Bucks,,,,2024-11-23|Charlotte Hornets|Milwaukee Bucks,0.22270619882139758,-1.249964992665038,,bradley_terry_hfa,1.0,6
2024-11-23,San Antonio Spurs,Golden State Warriors,104,94,False,False,2024-11-23|Golden State Warriors|San Antonio Spurs,,,,2024-11-23|Golden State Warriors|San Antonio Spurs,0.0008688999403483631,-7.047413305118304,,bradley_terry_hfa,1.0,10
2024-11-23,Los Angeles Lakers,Denver Nuggets,102,127,False,False,2024-11-23|Denver Nuggets|Los Angeles Lakers,,,,2024-11-23|Denver Nuggets|Los Angeles Lakers,0.3423554165701854,-0.6528152114557058,,bradley_terry_hfa,0.0,-25
2024-11-24,Boston Celtics,Minnesota Timberwolves,107,105,False,False,2024-11-24|Minnesota Timberwolves|Boston Celtics,,,,2024-11-24|Minnesota Timberwolves|Boston Celtics,0.7915200637840045,1.3341124206349395,,bradley_terry_hfa,1.0,2
2024-11-24,Indiana Pacers,Washington Wizards,115,103,False,False,2024-11-24|Washington Wizards|Indiana Pacers,,,,2024-11-24|Washington Wizards|Indiana Pacers,0.5734475531241989,0.29593115209110543,,bradley_terry_hfa,1.0,12
2024-11-24,Miami Heat,Dallas Mavericks,123,118,False,False,2024-11-24|Dallas Mavericks|Miami Heat,,,,2024-11-24|Dallas Mavericks|Miami Heat,0.006677882669034852,-5.002254027899082,,bradley_terry_hfa,1.0,5
2024-11-24,Philadelphia 76ers,Los Angeles Clippers,99,125,False,False,2024-11-24|Los Angeles Clippers|Philadelphia 76ers,,,,2024-11-24|Los Angeles Clippers|Philadelphia 76ers,0.00019831026367804892,-8.52547943551208,,bradley_terry_hfa,0.0,-26
2024-11-24,Cleveland Cavaliers,Toronto Raptors,122,108,False,False,2024-11-24|Toronto Raptors|Cleveland Cavaliers,,,,2024-11-24|Toronto Raptors|Cleveland Cavaliers,0.9995467999035912,7.698723513258939,,bradley_terry_hfa,1.0,14
2024-11-24,Sacramento Kings,Brooklyn Nets,103,108,False,False,2024-11-24|Brooklyn Nets|Sacramento Kings,,,,2024-11-24|Brooklyn Nets|Sacramento Kings,0.201423242352059,-1.3774227127750396,,bradley_terry_hfa,0.0,-5
2024-11-25,Charlotte Hornets,Orlando Magic,84,95,False,False,2024-11-25|Orlando Magic|Charlotte Hornets,,,,2024-11-25|Orlando Magic|Charlotte Hornets,0.0050365536693466224,-5.285983946703868,,bradley_terry_hfa,0.0,-11
2024-11-25,Detroit Pistons,Toronto Raptors,102,100,False,False,2024-11-25|Toronto Raptors|Detroit Pistons,,,,2024-11-25|Toronto Raptors|Detroit Pistons,0.30716639734410484,-0.8134002471056432,,bradley_terry_hfa,1.0,2
2024-11-25,Indiana Pacers,New Orleans Pelicans,114,110,False,False,2024-11-25|New Orleans Pelicans|Indiana Pacers,,,,2024-11-25|New Orleans Pelicans|Indiana Pacers,0.2570396929005273,-1.0614121007603106,,bradley_terry_hfa,1.0,4
2024-11-25,Atlanta Hawks,Dallas Mavericks,119,129,False,False,2024-11-25|Dallas Mavericks|Atlanta Hawks,,,,2024-11-25|Dallas Mavericks|Atlanta Hawks,0.007054037699228563,-4.947076067759173,,bradley_terry_hfa,0.0,-10
2024-11-25,Boston Celtics,Los Angeles Clippers,126,94,False,False,2024-11-25|Los Angeles Clippers|Boston Celtics,,,,2024-11-25|Los Angeles Clippers|Boston Celtics,0.44609944642425475,-0.21644326324269514,,bradley_terry_hfa,1.0,32
2024-11-25,Memphis Grizzlies,Portland Trail Blazers,123,98,False,False,2024-11-25|Portland Trail Blazers|Memphis Grizzlies,,,,2024-11-25|Portland Trail Blazers|Memphis Grizzlies,0.3435692767079446,-0.6474283936223468,,bradley_terry_hfa,1.0,25
2024-11-25,Denver Nuggets,New York Knicks,118,145,False,False,2024-11-25|New York Knicks|Denver Nuggets,,,,2024-11-25|New York Knicks|Denver Nuggets,0.14842278136241577,-1.747025349238794,,bradley_terry_hfa,0.0,-27
2024-11-25,Golden State Warriors,Brooklyn Nets,120,128,False,False,2024-11-25|Brooklyn Nets|Golden State Warriors,,,,2024-11-25|Brooklyn Nets|Golden State Warriors,0.9529204021802682,3.0076916368764266,,bradley_terry_hfa,0.0,-8
2024-11-25,Sacramento Kings,Oklahoma City Thunder,109,130,False,False,2024-11-25|Oklahoma City Thunder|Sacramento Kings,,,,2024-11-25|Oklahoma City Thunder|Sacramento Kings,0.000582632006204827,-7.447371976302562,,bradley_terry_hfa,0.0,-21
2024-11-26,Washington Wizards,Chicago Bulls,108,127,False,False,2024-11-26|Chicago Bulls|Washington Wizards,,,,2024-11-26|Chicago Bulls|Washington Wizards,0.001646881499323772,-6.407223540684474,,bradley_terry_hfa,0.0,-19
2024-11-26,Miami Heat,Milwaukee Bucks,103,106,False,False,2024-11-26|Milwaukee Bucks|Miami Heat,,,,2024-11-26|Milwaukee Bucks|Miami Heat,0.03871576217340261,-3.2120233297930745,,bradley_terry_hfa,0.0,-3
2024-11-26,Minnesota Timberwolves,Houston Rockets,111,117,False,False,2024-11-26|Houston Rockets|Minnesota Timberwolves,,,,2024-11-26|Houston Rockets|Minnesota Timberwolves,0.0041880651731919195,-5.471319564524366,,bradley_terry_hfa,0.0,-6
2024-11-26,Utah Jazz,San Antonio Spurs,115,128,False,False,2024-11-26|San Antonio Spurs|Utah Jazz,,,,2024-11-26|San Antonio Spurs|Utah Jazz,0.0033517534692812344,-5.694914263239449,,bradley_terry_hfa,0.0,-13
2024-11-26,Phoenix Suns,Los Angeles Lakers,127,100,False,False,2024-11-26|Los Angeles Lakers|Phoenix Suns,,,,2024-11-26|Los Angeles Lakers|Phoenix Suns,0.0718271822171113,-2.5589549546864676,,bradley_terry_hfa,1.0,27
2024-11-27,Charlotte Hornets,Miami Heat,94,98,False,False,2024-11-27|Miami Heat|Charlotte Hornets,,,,2024-11-27|Miami Heat|Charlotte Hornets,0.04875972944528697,-2.9708619251646073,,bradley_terry_hfa,0.0,-4
2024-11-27,Cleveland Cavaliers,Atlanta Hawks,124,135,False,False,2024-11-27|Atlanta Hawks|Cleveland Cavaliers,,,,2024-11-27|Atlanta Hawks|Cleveland Cavaliers,0.9992475831264966,7.191467334467078,,bradley_terry_hfa,0.0,-11
2024-11-27,Indiana Pacers,Portland Trail Blazers,121,114,False,False,2024-11-27|Portland Trail Blazers|Indiana Pacers,,,,2024-11-27|Portland Trail Blazers|Indiana Pacers,0.05869411278449805,-2.7749287243542806,,bradley_terry_hfa,1.0,7
2024-11-27,Orlando Magic,Chicago Bulls,133,119,False,False,2024-11-27|Chicago Bulls|Orlando Magic,,,,2024-11-27|Chicago Bulls|Orlando Magic,0.5200755931919716,0.08034556684994376,,bradley_terry_hfa,1.0,14
2024-11-27,Philadelphia 76ers,Houston Rockets,115,122,False,False,2024-11-27|Houston Rockets|Philadelphia 76ers,,,,2024-11-27|Houston Rockets|Philadelphia 76ers,3.7684468026904735e-05,-10.186224851899123,,bradley_terry_hfa,0.0,-7
2024-11-27,Washington Wizards,Los Angeles Clippers,96,121,False,False,2024-11-27|Los Angeles Clippers|Washington Wizards,,,,2024-11-27|Los Angeles Clippers|Washington Wizards,5.092849064952908e-05,-9.8850371235032,,bradley_terry_hfa,0.0,-25
2024-11-27,Dallas Mavericks,New York Knicks,129,114,False,False,2024-11-27|New York Knicks|Dallas Mavericks,,,,2024-11-27|New York Knicks|Dallas Mavericks,0.04135315330179951,-3.1433740780717265,,bradley_terry_hfa,1.0,15
2024-11-27,Memphis Grizzlies,Detroit Pistons,131,111,False,False,2024-11-27|Detroit Pistons|Memphis Grizzlies,,,,2024-11-27|Detroit Pistons|Memphis Grizzlies,0.6569432949210566,0.6497019512275903,,bradley_terry_hfa,1.0,20
2024-11-27,Minnesota Timberwolves,Sacramento Kings,104,115,False,False,2024-11-27|Sacramento Kings|Minnesota Timberwolves,,,,2024-11-27|Sacramento Kings|Minnesota Timberwolves,0.12421980943988098,-1.953062482355029,,bradley_terry_hfa,0.0,-11
2024-11-27,New Orleans Pelicans,Toronto Raptors,93,119,False,False,2024-11-27|Toronto Raptors|New Orleans Pelicans,,,,2024-11-27|Toronto Raptors|New Orleans Pelicans,0.13772328034254716,-1.8343297825188452,,bradley_terry_hfa,0.0,-26
2024-11-27,San Antonio Spurs,Los Angeles Lakers,101,119,False,False,2024-11-27|Los Angeles Lakers|San Antonio Spurs,,,,2024-11-27|Los Angeles Lakers|San Antonio Spurs,0.06088912794823669,-2.735878911079262,,bradley_terry_hfa,0.0,-18
2024-11-27,Phoenix Suns,Brooklyn Nets,117,127,False,False,2024-11-27|Brooklyn Nets|Phoenix Suns,,,,2024-11-27|Brooklyn Nets|Phoenix Suns,0.2180446411451172,-1.2770978353321296,,bradley_terry_hfa,0.0,-10
2024-11-27,Utah Jazz,Denver Nuggets,103,122,False,False,2024-11-27|Denver Nuggets|Utah Jazz,,,,2024-11-27|Denver Nuggets|Utah Jazz,0.0017359395446325037,-6.354469039837113,,bradley_terry_hfa,0.0,-19
2024-11-27,Golden State Warriors,Oklahoma City Thunder,101,105,False,False,2024-11-27|Oklahoma City Thunder|Golden State Warriors,,,,2024-11-27|Oklahoma City Thunder|Golden State Warriors,0.03172116022006127,-3.4185361303971127,,bradley_terry_hfa,0.0,-4
2024-11-29,Charlotte Hornets,New York Knicks,98,99,False,False,2024-11-29|New York Knicks|Charlotte Hornets,,,,2024-11-29|New York Knicks|Charlotte Hornets,0.0007726135515926924,-7.164958655470427,,bradley_terry_hfa,0.0,-1
2024-11-29,Atlanta Hawks,Cleveland Cavaliers,117,101,False,False,2024-11-29|Cleveland Cavaliers|Atlanta Hawks,,,,2024-11-29|Cleveland Cavaliers|Atlanta Hawks,3.245275770914512e-05,-10.335692681808073,,bradley_terry_hfa,1.0,16
2024-11-29,Memphis Grizzlies,New Orleans Pelicans,120,109,False,False,2024-11-29|New Orleans Pelicans|Memphis Grizzlies,,,,2024-11-29|New Orleans Pelicans|Memphis Grizzlies,0.9589804487772419,3.151821875447215,,bradley_terry_hfa,1.0,11
2024-11-29,Brooklyn Nets,Orlando Magic,100,123,False,False,2024-11-29|Orlando Magic|Brooklyn Nets,,,,2024-11-29|Orlando Magic|Brooklyn Nets,0.008006366364204548,-4.819479668830393,,bradley_terry_hfa,0.0,-23
2024-11-29,Minnesota Timberwolves,Los Angeles Clippers,93,92,False,False,2024-11-29|Los Angeles Clippers|Minnesota Timberwolves,,,,2024-11-29|Los Angeles Clippers|Minnesota Timberwolves,0.001719415169458613,-6.364050168672211,,bradley_terry_hfa,1.0,1
2024-11-29,Chicago Bulls,Boston Celtics,129,138,False,False,2024-11-29|Boston Celtics|Chicago Bulls,,,,2024-11-29|Boston Celtics|Chicago Bulls,0.00018006874492249445,-8.62199177879018,,bradley_terry_hfa,0.0,-9
2024-11-29,Indiana Pacers,Detroit Pistons,106,130,False,False,2024-11-29|Detroit Pistons|Indiana Pacers,,,,2024-11-29|Detroit Pistons|Indiana Pacers,0.11178718341207192,-2.072614456981393,,bradley_terry_hfa,0.0,-24
2024-11-29,Miami Heat,Toronto Raptors,121,111,False,False,2024-11-29|Toronto Raptors|Miami Heat,,,,2024-11-29|Toronto Raptors|Miami Heat,0.49539024342455973,-0.018439548763937275,,bradley_terry_hfa,1.0,10
2024-11-29,Los Angeles Lakers,Oklahoma City Thunder,93,101,False,False,2024-11-29|Oklahoma City Thunder|Los Angeles Lakers,,,,2024-11-29|Oklahoma City Thunder|Los Angeles Lakers,0.0009711525129926573,-6.936055409656102,,bradley_terry_hfa,0.0,-8
2024-11-29,Portland Trail Blazers,Sacramento Kings,115,106,False,False,2024-11-29|Sacramento Kings|Portland Trail Blazers,,,,2024-11-29|Sacramento Kings|Portland Trail Blazers,0.0288777722420572,-3.5153801659794564,,bradley_terry_hfa,1.0,9
2024-11-30,Charlotte Hornets,Atlanta Hawks,104,107,False,False,2024-11-30|Atlanta Hawks|Charlotte Hornets,,,,2024-11-30|Atlanta Hawks|Charlotte Hornets,0.0034144618094931805,-5.67631509004028,,bradley_terry_hfa,0.0,-3
2024-11-30,Detroit Pistons,Philadelphia 76ers,96,111,False,False,2024-11-30|Philadelphia 76ers|Detroit Pistons,,,,2024-11-30|Philadelphia 76ers|Detroit Pistons,0.5812550663256828,0.3279276887449303,,bradley_terry_hfa,0.0,-15
2024-11-30,Milwaukee Bucks,Washington Wizards,124,114,False,False,2024-11-30|Washington Wizards|Milwaukee Bucks,,,,2024-11-30|Washington Wizards|Milwaukee Bucks,0.9206964124887591,2.451846986426464,,bradley_terry_hfa,1.0,10
2024-11-30,Phoenix Suns,Golden State Warriors,113,105,False,False,2024-11-30|Golden State Warriors|Phoenix Suns,,,,2024-11-30|Golden State Warriors|Phoenix Suns,0.0057019069062279335,-5.161236390301196,,bradley_terry_hfa,1.0,8
2024-11-30,Utah Jazz,Dallas Mavericks,94,106,False,False,2024-11-30|Dallas Mavericks|Utah Jazz,,,,2024-11-30|Dallas Mavericks|Utah Jazz,0.00012245099934487142,-9.00767715485388,,bradley_terry_hfa,0.0,-12
2024-12-01,Brooklyn Nets,Orlando Magic,92,100,False,False,2024-12-01|Orlando Magic|Brooklyn Nets,,,,2024-12-01|Orlando Magic|Brooklyn Nets,0.002765831852466358,-5.887644174620033,,bradley_terry_hfa,0.0,-8
2024-12-01,Memphis Grizzlies,Indiana Pacers,136,121,False,False,2024-12-01|Indiana Pacers|Memphis Grizzlies,,,,2024-12-01|Indiana Pacers|Memphis Grizzlies,0.4542892025704185,-0.18335515507657396,,bradley_terry_hfa,1.0,15
2024-12-01,Cleveland Cavaliers,Boston Celtics,115,111,False,False,2024-12-01|Boston Celtics|Cleveland Cavaliers,,,,2024-12-01|Boston Celtics|Cleveland Cavaliers,0.033978923740064504,-3.3474452096421583,,bradley_terry_hfa,1.0,4
2024-12-01,New York Knicks,New Orleans Pelicans,118,85,False,False,2024-12-01|New Orleans Pelicans|New York Knicks,,,,2024-12-01|New Orleans Pelicans|New York Knicks,0.9623236684804621,3.2403187616545592,,bradley_terry_hfa,1.0,33
2024-12-01,Toronto Raptors,Miami Heat,119,116,False,False,2024-12-01|Miami Heat|Toronto Raptors,,,,2024-12-01|Miami Heat|Toronto Raptors,0.0006914499229475908,-7.276028138404897,,bradley_terry_hfa,1.0,3
2024-12-01,Houston Rockets,Oklahoma City Thunder,119,116,False,False,2024-12-01|Oklahoma City Thunder|Houston Rockets,,,,2024-12-01|Oklahoma City Thunder|Houston Rockets,0.0037617382636469334,-5.579105292853608,,bradley_terry_hfa,1.0,3
2024-12-01,Utah Jazz,Los Angeles Lakers,104,105,False,False,2024-12-01|Los Angeles Lakers|Utah Jazz,,,,2024-12-01|Los Angeles Lakers|Utah Jazz,0.00022059241310501144,-8.418973227078807,,bradley_terry_hfa,0.0,-1
2024-12-01,Portland Trail Blazers,Dallas Mavericks,131,137,False,False,2024-12-01|Dallas Mavericks|Portland Trail Blazers,,,,2024-12-01|Dallas Mavericks|Portland Trail Blazers,0.0011841750794455155,-6.737524005530119,,bradley_terry_hfa,0.0,-6
2024-12-01,Sacramento Kings,San Antonio Spurs,125,127,False,False,2024-12-01|San Antonio Spurs|Sacramento Kings,,,,2024-12-01|San Antonio Spurs|Sacramento Kings,0.00508875269022505,-5.275620785000326,,bradley_terry_hfa,0.0,-2
2024-12-01,Los Angeles Clippers,Denver Nuggets,126,122,False,False,2024-12-01|Denver Nuggets|Los Angeles Clippers,,,,2024-12-01|Denver Nuggets|Los Angeles Clippers,0.042990317155188744,-3.1028386014182123,,bradley_terry_hfa,1.0,4
